Date,Stock Code,Board,Previous Price,Last Price,Open Price,High Price,Low Price,Volume,Value
2026-08-03,AADI,RG,9225.00,9100.00,9300.00,9300.00,9075.00,4529500,41430862500
2026-08-03,AALI,RG,6875.00,7050.00,6900.00,7175.00,6825.00,2232900,15728492500
2026-08-03,ABBA,RG,30.00,30.00,0.00,0.00,0.00,0,0
2026-08-03,ABDA,RG,3500.00,3500.00,3500.00,3530.00,3490.00,10100,35424000
2026-08-03,ABMM,RG,2510.00,2540.00,2550.00,2580.00,2520.00,667500,1699334000
2026-08-03,ACES,RG,360.00,350.00,360.00,362.00,350.00,21914300,7739119000
2026-08-03,ACRO,RG,61.00,60.00,61.00,63.00,60.00,17549200,1077410300
2026-08-03,ACST,RG,85.00,86.00,85.00,86.00,85.00,176200,15130500
2026-08-03,ADCP,RG,50.00,50.00,0.00,0.00,0.00,0,0
2026-08-03,ADES,RG,34000.00,31000.00,33975.00,33975.00,31000.00,103700,3270740000
2026-08-03,ADHI,RG,159.00,158.00,159.00,159.00,156.00,5753400,904690500
2026-08-03,ADMF,RG,8675.00,8800.00,8675.00,8875.00,8675.00,300500,2632220000
2026-08-03,ADMG,RG,222.00,226.00,224.00,238.00,220.00,2508400,572420600
2026-08-03,ADMR,RG,1515.00,1500.00,1540.00,1540.00,1485.00,17199900,25878541000
2026-08-03,ADRO,RG,2460.00,2470.00,2460.00,2500.00,2450.00,17816300,44049145000
2026-08-03,AGAR,RG,630.00,690.00,690.00,690.00,690.00,100700,69483000
2026-08-03,AGII,RG,3130.00,3020.00,3120.00,3120.00,2960.00,188200,574692000
2026-08-03,AGRO,RG,147.00,143.00,149.00,149.00,142.00,4644500,672344400
2026-08-03,AGRS,RG,61.00,62.00,61.00,63.00,61.00,14821800,910114500
2026-08-03,AHAP,RG,92.00,92.00,96.00,99.00,92.00,23915000,2250333900
2026-08-03,AIMS,RG,392.00,386.00,388.00,390.00,378.00,433700,167412000
2026-08-03,AISA,RG,118.00,120.00,119.00,122.00,119.00,10541100,1269960500
2026-08-03,AKKU,RG,38.00,38.00,0.00,0.00,0.00,0,0
2026-08-03,AKPI,RG,500.00,510.00,525.00,525.00,505.00,518300,264202000
2026-08-03,AKRA,RG,1465.00,1445.00,1435.00,1445.00,1420.00,27673900,39770136000
2026-08-03,AKSI,RG,228.00,226.00,228.00,240.00,224.00,126000,28653200
2026-08-03,ALDO,RG,815.00,805.00,815.00,845.00,800.00,116600,94008500
2026-08-03,ALKA,RG,1715.00,1715.00,0.00,0.00,0.00,0,0
2026-08-03,ALMI,RG,74.00,74.00,0.00,0.00,0.00,0,0
2026-08-03,ALTO,RG,18.00,18.00,0.00,0.00,0.00,0,0
2026-08-03,AMAG,RG,390.00,390.00,390.00,390.00,388.00,447900,174678800
2026-08-03,AMAN,RG,250.00,250.00,252.00,252.00,246.00,178900,44369000
2026-08-03,AMAR,RG,220.00,216.00,220.00,222.00,216.00,553100,120626000
2026-08-03,AMFG,RG,3310.00,3350.00,3310.00,3400.00,3310.00,5200,17610000
2026-08-03,AMIN,RG,244.00,242.00,244.00,244.00,238.00,8700,2099000
2026-08-03,AMMN,RG,4100.00,4280.00,4200.00,4400.00,4190.00,133138200,569967208000
2026-08-03,AMMS,RG,260.00,234.00,260.00,266.00,234.00,4384500,1034404200
2026-08-03,AMOR,RG,346.00,352.00,350.00,354.00,344.00,141300,49527400
2026-08-03,AMRT,RG,1325.00,1325.00,1360.00,1360.00,1310.00,43707600,57992015000
2026-08-03,ANDI,RG,17.00,17.00,17.00,17.00,16.00,5326400,90373000
2026-08-03,ANJT,RG,1480.00,1490.00,1480.00,1495.00,1450.00,122900,182547000
2026-08-03,ANTM,RG,2880.00,2870.00,2920.00,2920.00,2860.00,46158100,133322910000
2026-08-03,APEX,RG,150.00,165.00,150.00,169.00,150.00,72278800,11792888300
2026-08-03,APIC,RG,660.00,655.00,665.00,665.00,625.00,607400,391158500
2026-08-03,APII,RG,185.00,189.00,185.00,198.00,184.00,2592600,495868400
2026-08-03,APLI,RG,248.00,248.00,248.00,258.00,248.00,394900,98061800
2026-08-03,APLN,RG,124.00,120.00,124.00,124.00,120.00,22518500,2750097900
2026-08-03,ARCI,RG,1075.00,1060.00,1085.00,1095.00,1060.00,19429300,20812706000
2026-08-03,AREA,RG,282.00,280.00,282.00,314.00,272.00,536100,151343000
2026-08-03,ARGO,RG,1170.00,1190.00,1170.00,1205.00,1170.00,1091700,1298107000
2026-08-03,ARII,RG,274.00,270.00,274.00,276.00,266.00,80300,21492200
2026-08-03,ARKA,RG,22.00,22.00,0.00,0.00,0.00,0,0
2026-08-03,ARKO,RG,4900.00,4550.00,4900.00,4970.00,4510.00,2061900,9594063000
2026-08-03,ARMY,RG,50.00,50.00,0.00,0.00,0.00,0,0
2026-08-03,ARNA,RG,490.00,494.00,496.00,498.00,490.00,6860200,3391104800
2026-08-03,ARTA,RG,2500.00,2630.00,2400.00,2700.00,2400.00,75900,193061000
2026-08-03,ARTI,RG,2.00,2.00,0.00,0.00,0.00,0,0
2026-08-03,ARTO,RG,1220.00,1205.00,1225.00,1235.00,1200.00,2772700,3375897500
2026-08-03,ASBI,RG,426.00,426.00,424.00,426.00,416.00,1900,794600
2026-08-03,ASDM,RG,515.00,515.00,515.00,520.00,505.00,4400,2245500
2026-08-03,ASGR,RG,1790.00,1805.00,1790.00,1820.00,1750.00,1578300,2816679000
2026-08-03,ASHA,RG,56.00,58.00,58.00,67.00,57.00,299691300,18418877700
2026-08-03,ASII,RG,5100.00,5050.00,5275.00,5275.00,5000.00,30943600,157187492500
2026-08-03,ASJT,RG,159.00,161.00,160.00,161.00,154.00,610400,96735300
2026-08-03,ASLC,RG,64.00,62.00,64.00,64.00,62.00,4078200,256081900
2026-08-03,ASLI,RG,196.00,198.00,196.00,200.00,193.00,1662200,327375900
2026-08-03,ASMI,RG,16.00,16.00,16.00,16.00,15.00,11935800,188095000
2026-08-03,ASPI,RG,400.00,404.00,420.00,422.00,400.00,1309800,524829800
2026-08-03,ASPR,RG,148.00,146.00,129.00,152.00,126.00,58364600,8276214400
2026-08-03,ASRI,RG,117.00,116.00,117.00,118.00,116.00,11338500,1325555600
2026-08-03,ASRM,RG,262.00,264.00,264.00,264.00,260.00,3300,863000
2026-08-03,ASSA,RG,610.00,600.00,610.00,610.00,595.00,7587900,4562040000
2026-08-03,ATAP,RG,555.00,605.00,560.00,625.00,540.00,3630900,2130001500
2026-08-03,ATIC,RG,478.00,460.00,478.00,480.00,450.00,120700,55960200
2026-08-03,ATLA,RG,50.00,50.00,50.00,50.00,50.00,3139600,156980000
2026-08-03,AUTO,RG,2750.00,2770.00,2760.00,2790.00,2730.00,2079700,5753745000
2026-08-03,AVIA,RG,324.00,326.00,324.00,328.00,322.00,6072200,1976241000
2026-08-03,AWAN,RG,165.00,165.00,165.00,183.00,159.00,12850300,2238258600
2026-08-03,AXIO,RG,111.00,112.00,111.00,112.00,110.00,218000,24169200
2026-08-03,AYLS,RG,153.00,168.00,155.00,190.00,154.00,33904100,5886558900
2026-08-03,BABP,RG,50.00,50.00,50.00,50.00,50.00,1801900,90095000
2026-08-03,BABY,RG,191.00,189.00,191.00,194.00,189.00,1789700,340902500
2026-08-03,BACA,RG,115.00,116.00,116.00,118.00,115.00,763600,88486800
2026-08-03,BACH,RG,880.00,1015.00,895.00,1025.00,895.00,537617900,520449275500
2026-08-03,BAIK,RG,775.00,765.00,775.00,775.00,760.00,18508800,14149734500
2026-08-03,BAJA,RG,244.00,304.00,262.00,304.00,248.00,81825000,22980957600
2026-08-03,BALI,RG,1235.00,1235.00,1240.00,1240.00,1200.00,7700,9381500
2026-08-03,BANK,RG,280.00,276.00,280.00,282.00,276.00,4653100,1295199400
2026-08-03,BAPA,RG,167.00,169.00,170.00,174.00,165.00,12032100,2054652300
2026-08-03,BAPI,RG,21.00,19.00,19.00,20.00,19.00,23217500,448669900
2026-08-03,BATA,RG,59.00,59.00,0.00,0.00,0.00,0,0
2026-08-03,BATR,RG,92.00,93.00,92.00,95.00,91.00,1071700,100520500
2026-08-03,BAUT,RG,29.00,31.00,29.00,31.00,29.00,7493800,223451900
2026-08-03,BAYU,RG,1115.00,1165.00,1145.00,1175.00,1140.00,602200,696337000
2026-08-03,BBCA,RG,6325.00,6300.00,6300.00,6325.00,6275.00,68143700,429182682500
2026-08-03,BBHI,RG,945.00,920.00,945.00,945.00,915.00,42200,39042500
2026-08-03,BBKP,RG,52.00,53.00,52.00,55.00,52.00,109894500,5856892400
2026-08-03,BBLD,RG,590.00,655.00,590.00,655.00,590.00,13000,7891000
2026-08-03,BBMD,RG,1960.00,2000.00,1960.00,2000.00,1960.00,50600,101186500
2026-08-03,BBNI,RG,3530.00,3520.00,3570.00,3570.00,3500.00,19986000,70455518000
2026-08-03,BBRI,RG,3040.00,3020.00,3030.00,3030.00,2980.00,119721600,359764445000
2026-08-03,BBRM,RG,117.00,116.00,118.00,120.00,115.00,7268500,851352900
2026-08-03,BBSI,RG,4690.00,4690.00,4500.00,4700.00,4500.00,1700,7919000
2026-08-03,BBSS,RG,95.00,96.00,95.00,97.00,92.00,296300,28098000
2026-08-03,BBTN,RG,1215.00,1210.00,1215.00,1220.00,1200.00,6253800,7567725500
2026-08-03,BBYB,RG,264.00,252.00,264.00,264.00,250.00,30640400,7792031200
2026-08-03,BCAP,RG,50.00,50.00,50.00,50.00,50.00,2763500,138175000
2026-08-03,BCIC,RG,126.00,128.00,126.00,129.00,124.00,1822400,230214500
2026-08-03,BCIP,RG,64.00,63.00,64.00,65.00,61.00,33173700,2082068000
2026-08-03,BDKR,RG,155.00,163.00,155.00,165.00,155.00,31983500,5129511700
2026-08-03,BDMN,RG,4200.00,4180.00,4200.00,4210.00,4150.00,2546100,10635094000
2026-08-03,BEBS,RG,5.00,5.00,0.00,0.00,0.00,0,0
2026-08-03,BEEF,RG,392.00,398.00,392.00,400.00,384.00,8665100,3395450400
2026-08-03,BEER,RG,76.00,74.00,75.00,76.00,73.00,5379600,398739900
2026-08-03,BEKS,RG,21.00,21.00,21.00,21.00,21.00,17492500,367342500
2026-08-03,BELI,RG,256.00,258.00,258.00,258.00,250.00,429900,109883200
2026-08-03,BELL,RG,114.00,115.00,118.00,124.00,114.00,95699500,11423117000
2026-08-03,BESS,RG,900.00,880.00,910.00,910.00,875.00,5600,4949500
2026-08-03,BEST,RG,110.00,109.00,112.00,113.00,106.00,10298000,1120830200
2026-08-03,BFIN,RG,915.00,900.00,915.00,940.00,885.00,38542300,34711178000
2026-08-03,BGTG,RG,114.00,115.00,116.00,117.00,114.00,5033500,579945500
2026-08-03,BHAT,RG,1770.00,1770.00,0.00,0.00,0.00,0,0
2026-08-03,BHIT,RG,26.00,25.00,26.00,26.00,25.00,28765100,721263800
2026-08-03,BIKA,RG,55.00,55.00,0.00,0.00,0.00,0,0
2026-08-03,BIKE,RG,510.00,510.00,0.00,0.00,0.00,0,0
2026-08-03,BIMA,RG,82.00,82.00,0.00,0.00,0.00,0,0
2026-08-03,BINA,RG,4400.00,4280.00,4400.00,4400.00,4230.00,194500,831358000
2026-08-03,BINO,RG,108.00,110.00,110.00,112.00,108.00,597700,65268500
2026-08-03,BIPI,RG,142.00,143.00,145.00,151.00,140.00,869396600,126619686100
2026-08-03,BIPP,RG,61.00,64.00,61.00,66.00,61.00,10317400,656977700
2026-08-03,BIRD,RG,1610.00,1590.00,1610.00,1615.00,1590.00,743000,1186165500
2026-08-03,BISI,RG,660.00,670.00,665.00,670.00,650.00,169200,112327000
2026-08-03,BJBR,RG,790.00,790.00,790.00,795.00,785.00,1400500,1105495000
2026-08-03,BJTM,RG,520.00,515.00,520.00,525.00,510.00,8554200,4412939000
2026-08-03,BKDP,RG,169.00,169.00,0.00,0.00,0.00,0,0
2026-08-03,BKSL,RG,68.00,67.00,69.00,70.00,67.00,96275700,6596902200
2026-08-03,BKSW,RG,53.00,53.00,53.00,54.00,52.00,790500,41860700
2026-08-03,BLES,RG,200.00,188.00,195.00,204.00,185.00,17260400,3329406300
2026-08-03,BLOG,RG,358.00,356.00,358.00,360.00,350.00,281300,100206800
2026-08-03,BLTA,RG,33.00,32.00,33.00,33.00,32.00,3235300,106025600
2026-08-03,BLTZ,RG,2540.00,2540.00,0.00,0.00,0.00,0,0
2026-08-03,BLUE,RG,2430.00,2460.00,2430.00,2510.00,2410.00,559100,1368738000
2026-08-03,BMAS,RG,488.00,488.00,480.00,488.00,474.00,12700,6155800
2026-08-03,BMBL,RG,33.00,33.00,31.00,34.00,31.00,5870300,188050300
2026-08-03,BMHS,RG,190.00,190.00,190.00,192.00,187.00,1607400,304460900
2026-08-03,BMRI,RG,4190.00,4170.00,4230.00,4230.00,4140.00,76254300,318211141000
2026-08-03,BMSR,RG,310.00,306.00,312.00,312.00,304.00,38100,11724800
2026-08-03,BMTR,RG,118.00,113.00,115.00,116.00,112.00,47713800,5423116200
2026-08-03,BNBA,RG,740.00,740.00,750.00,750.00,735.00,67600,50377500
2026-08-03,BNBR,RG,98.00,97.00,99.00,101.00,94.00,1554616100,152043350200
2026-08-03,BNGA,RG,1650.00,1645.00,1655.00,1655.00,1635.00,1206200,1987156000
2026-08-03,BNII,RG,191.00,192.00,191.00,193.00,191.00,1691100,324305800
2026-08-03,BNLI,RG,2170.00,2170.00,2170.00,2170.00,2130.00,166800,360447000
2026-08-03,BOAT,RG,138.00,132.00,138.00,143.00,131.00,6186000,838696200
2026-08-03,BOBA,RG,228.00,228.00,230.00,240.00,226.00,605400,138992200
2026-08-03,BOGA,RG,1675.00,1730.00,1670.00,2000.00,1635.00,132100,248776500
2026-08-03,BOLA,RG,162.00,157.00,162.00,163.00,155.00,575900,90776400
2026-08-03,BOLT,RG,805.00,800.00,805.00,805.00,790.00,8200,6524000
2026-08-03,BOSS,RG,50.00,50.00,0.00,0.00,0.00,0,0
2026-08-03,BPFI,RG,260.00,264.00,260.00,264.00,256.00,26500,6848200
2026-08-03,BPII,RG,434.00,440.00,434.00,442.00,434.00,1100,479800
2026-08-03,BPTR,RG,75.00,74.00,76.00,76.00,73.00,2124100,157544400
2026-08-03,BRAM,RG,4500.00,4500.00,4510.00,4590.00,4500.00,2900,13218000
2026-08-03,BREN,RG,3350.00,3210.00,3330.00,3350.00,3210.00,25719200,84212413000
2026-08-03,BRIS,RG,1820.00,1795.00,1820.00,1825.00,1790.00,6913200,12445812000
2026-08-03,BRMS,RG,560.00,560.00,555.00,570.00,545.00,365525400,203998802000
2026-08-03,BRNA,RG,595.00,610.00,600.00,625.00,600.00,66900,40726000
2026-08-03,BRPT,RG,1845.00,1820.00,1890.00,1890.00,1780.00,130168400,239468168500
2026-08-03,BSBK,RG,52.00,53.00,52.00,53.00,51.00,24117700,1249700100
2026-08-03,BSDE,RG,570.00,565.00,570.00,580.00,565.00,13569500,7711997000
2026-08-03,BSIM,RG,710.00,690.00,690.00,710.00,685.00,9100,6315500
2026-08-03,BSML,RG,525.00,525.00,530.00,530.00,510.00,10737200,5630813500
2026-08-03,BSSR,RG,4300.00,4310.00,4310.00,4340.00,4300.00,901200,3890917000
2026-08-03,BSWD,RG,1125.00,1125.00,0.00,0.00,0.00,0,0
2026-08-03,BTEK,RG,11.00,10.00,11.00,11.00,10.00,64099300,662730300
2026-08-03,BTEL,RG,50.00,50.00,0.00,0.00,0.00,0,0
2026-08-03,BTON,RG,360.00,356.00,360.00,360.00,346.00,2600,920600
2026-08-03,BTPN,RG,2190.00,2170.00,2220.00,2220.00,2150.00,11500,24915000
2026-08-03,BTPS,RG,990.00,995.00,995.00,1000.00,995.00,1463200,1458463500
2026-08-03,BUAH,RG,500.00,505.00,500.00,505.00,496.00,378300,188877300
2026-08-03,BUDI,RG,218.00,214.00,218.00,220.00,214.00,390300,84841400
2026-08-03,BUKA,RG,118.00,118.00,118.00,120.00,117.00,95160900,11273086700
2026-08-03,BUKK,RG,1040.00,1025.00,1045.00,1065.00,1015.00,4700,4918000
2026-08-03,BULL,RG,454.00,428.00,450.00,450.00,426.00,686573900,298610684000
2026-08-03,BUMI,RG,165.00,168.00,169.00,173.00,166.00,3191520400,540609339600
2026-08-03,BUVA,RG,880.00,780.00,880.00,910.00,780.00,532319000,444646655000
2026-08-03,BVIC,RG,93.00,93.00,93.00,94.00,92.00,2053100,190990000
2026-08-03,BWPT,RG,89.00,88.00,90.00,96.00,86.00,710490100,64887963900
2026-08-03,BYAN,RG,12025.00,12050.00,12025.00,12175.00,12025.00,7600,91625000
2026-08-03,CAKK,RG,134.00,138.00,136.00,140.00,133.00,331600,45376300
2026-08-03,CAMP,RG,170.00,170.00,170.00,170.00,167.00,189900,32130000
2026-08-03,CANI,RG,135.00,135.00,0.00,0.00,0.00,0,0
2026-08-03,CARE,RG,422.00,422.00,420.00,424.00,418.00,183500,77087800
2026-08-03,CARS,RG,91.00,91.00,91.00,99.00,91.00,10294400,973388900
2026-08-03,CASA,RG,1830.00,1830.00,1805.00,1830.00,1800.00,2500,4508500
2026-08-03,CASH,RG,232.00,230.00,238.00,238.00,214.00,5258100,1166787600
2026-08-03,CASS,RG,1900.00,1930.00,1900.00,1930.00,1900.00,1053700,2003416500
2026-08-03,CBDK,RG,3790.00,3780.00,3850.00,3890.00,3780.00,1547900,5926662000
2026-08-03,CBMF,RG,50.00,50.00,0.00,0.00,0.00,0,0
2026-08-03,CBPE,RG,330.00,360.00,332.00,362.00,318.00,700400,244885000
2026-08-03,CBRE,RG,680.00,675.00,685.00,710.00,675.00,10211700,7008640000
2026-08-03,CBUT,RG,825.00,840.00,825.00,840.00,805.00,31800,26192500
2026-08-03,CCSI,RG,240.00,246.00,242.00,248.00,238.00,82300,20079600
2026-08-03,CDIA,RG,655.00,645.00,660.00,665.00,645.00,31084800,20358176500
2026-08-03,CEKA,RG,2200.00,2190.00,2190.00,2260.00,2170.00,59800,133428000
2026-08-03,CENT,RG,81.00,80.00,82.00,82.00,79.00,1327600,106859400
2026-08-03,CFIN,RG,344.00,344.00,348.00,348.00,342.00,1433500,495383000
2026-08-03,CGAS,RG,155.00,153.00,155.00,157.00,152.00,2347400,360890900
2026-08-03,CHEK,RG,134.00,133.00,134.00,134.00,131.00,494100,65252300
2026-08-03,CHEM,RG,64.00,65.00,64.00,65.00,64.00,5612400,361062700
2026-08-03,CHIP,RG,915.00,920.00,920.00,925.00,895.00,280200,254767500
2026-08-03,CINT,RG,177.00,181.00,177.00,183.00,177.00,608600,108966700
2026-08-03,CITA,RG,3250.00,3280.00,3260.00,3320.00,3250.00,57800,189653000
2026-08-03,CITY,RG,170.00,172.00,171.00,174.00,170.00,504700,86491500
2026-08-03,CLAY,RG,2600.00,2660.00,2600.00,2760.00,2540.00,48200,128427000
2026-08-03,CLEO,RG,386.00,380.00,386.00,386.00,378.00,6457300,2468239400
2026-08-03,CLPI,RG,1580.00,1575.00,1560.00,1580.00,1560.00,104100,163806500
2026-08-03,CMNP,RG,1340.00,1365.00,1340.00,1370.00,1340.00,112000,152763500
2026-08-03,CMNT,RG,800.00,785.00,800.00,800.00,780.00,22494400,17748245500
2026-08-03,CMPP,RG,69.00,69.00,0.00,0.00,0.00,0,0
2026-08-03,CMRY,RG,4600.00,4590.00,4600.00,4630.00,4550.00,1556500,7130462000
2026-08-03,CNKO,RG,37.00,37.00,0.00,0.00,0.00,0,0
2026-08-03,CNMA,RG,91.00,93.00,92.00,97.00,91.00,78296400,7313390800
2026-08-03,COAL,RG,21.00,21.00,0.00,0.00,0.00,0,0
2026-08-03,COCO,RG,111.00,103.00,109.00,111.00,100.00,777351800,80978458300
2026-08-03,COIN,RG,655.00,640.00,675.00,675.00,640.00,9553100,6253038500
2026-08-03,COWL,RG,50.00,50.00,0.00,0.00,0.00,0,0
2026-08-03,CPIN,RG,3290.00,3160.00,3370.00,3370.00,3160.00,12122200,38888818000
2026-08-03,CPRI,RG,50.00,50.00,0.00,0.00,0.00,0,0
2026-08-03,CPRO,RG,51.00,50.00,51.00,51.00,50.00,66859900,3345719600
2026-08-03,CRAB,RG,208.00,208.00,0.00,0.00,0.00,0,0
2026-08-03,CRSN,RG,108.00,109.00,108.00,111.00,106.00,891800,96387800
2026-08-03,CSAP,RG,290.00,286.00,290.00,292.00,286.00,18400,5283800
2026-08-03,CSIS,RG,182.00,185.00,181.00,200.00,181.00,12218800,2323436900
2026-08-03,CSMI,RG,74.00,77.00,74.00,81.00,73.00,39954400,3089992100
2026-08-03,CSRA,RG,745.00,745.00,755.00,755.00,740.00,366600,274082500
2026-08-03,CTBN,RG,4220.00,3990.00,4220.00,4220.00,3950.00,57900,233532000
2026-08-03,CTRA,RG,575.00,580.00,575.00,585.00,570.00,9134700,5277823500
2026-08-03,CTTH,RG,125.00,128.00,126.00,134.00,124.00,22326900,2913346700
2026-08-03,CUAN,RG,665.00,660.00,680.00,690.00,655.00,182458100,123105897000
2026-08-03,CYBR,RG,545.00,550.00,555.00,560.00,545.00,26816200,14717347000
2026-08-03,DAAZ,RG,1520.00,1530.00,1530.00,1575.00,1520.00,129600,198317000
2026-08-03,DADA,RG,50.00,50.00,50.00,50.00,50.00,1118100,55905000
2026-08-03,DART,RG,126.00,126.00,125.00,135.00,123.00,698300,88686100
2026-08-03,DATA,RG,2060.00,1960.00,2060.00,2060.00,1960.00,2195900,4378491500
2026-08-03,DAYA,RG,990.00,970.00,1005.00,1005.00,945.00,7600,7354500
2026-08-03,DCII,RG,191350.00,188175.00,182500.00,190450.00,182300.00,900,166287500
2026-08-03,DEAL,RG,6.00,6.00,0.00,0.00,0.00,0,0
2026-08-03,DEFI,RG,105.00,104.00,105.00,109.00,104.00,12628500,1339000400
2026-08-03,DEPO,RG,242.00,246.00,246.00,248.00,240.00,301500,73394400
2026-08-03,DEWA,RG,460.00,464.00,476.00,482.00,460.00,821725300,388110065800
2026-08-03,DEWI,RG,119.00,119.00,118.00,120.00,118.00,33673500,4003147700
2026-08-03,DFAM,RG,80.00,83.00,81.00,83.00,80.00,7257200,593659300
2026-08-03,DGIK,RG,128.00,126.00,128.00,129.00,125.00,1805200,227605400
2026-08-03,DGNS,RG,232.00,234.00,234.00,234.00,228.00,266800,61800800
2026-08-03,DGWG,RG,284.00,290.00,284.00,292.00,284.00,14954500,4311055400
2026-08-03,DIGI,RG,29.00,29.00,0.00,0.00,0.00,0,0
2026-08-03,DILD,RG,117.00,115.00,117.00,117.00,115.00,11959900,1386202100
2026-08-03,DIVA,RG,122.00,134.00,124.00,136.00,123.00,23795900,3103472800
2026-08-03,DKFT,RG,660.00,660.00,660.00,670.00,655.00,9900200,6518517500
2026-08-03,DKHH,RG,62.00,62.00,63.00,64.00,62.00,9385700,587366900
2026-08-03,DLTA,RG,1780.00,1780.00,1775.00,1785.00,1770.00,51100,90777000
2026-08-03,DMAS,RG,148.00,147.00,149.00,149.00,146.00,80107700,11788623400
2026-08-03,DMMX,RG,186.00,186.00,188.00,191.00,179.00,1417100,259963000
2026-08-03,DMND,RG,625.00,620.00,625.00,625.00,595.00,28500,17280500
2026-08-03,DNAR,RG,124.00,122.00,125.00,127.00,121.00,1056400,130089200
2026-08-03,DNET,RG,9800.00,9900.00,9750.00,10000.00,9575.00,22700,221715000
2026-08-03,DOID,RG,218.00,212.00,214.00,216.00,208.00,2044800,434231800
2026-08-03,DOOH,RG,248.00,262.00,254.00,278.00,242.00,228147400,60105121200
2026-08-03,DOSS,RG,163.00,159.00,164.00,167.00,151.00,7980600,1263692300
2026-08-03,DPNS,RG,310.00,310.00,0.00,0.00,0.00,0,0
2026-08-03,DPUM,RG,98.00,97.00,98.00,102.00,97.00,26760600,2678090900
2026-08-03,DRMA,RG,960.00,955.00,960.00,965.00,935.00,776000,739715500
2026-08-03,DSFI,RG,80.00,82.00,81.00,85.00,81.00,5726600,471677500
2026-08-03,DSNG,RG,1335.00,1390.00,1335.00,1405.00,1325.00,11337800,15627340000
2026-08-03,DSSA,RG,850.00,835.00,850.00,875.00,830.00,236268200,200772334000
2026-08-03,DUCK,RG,176.00,176.00,0.00,0.00,0.00,0,0
2026-08-03,DUTI,RG,4290.00,4290.00,4290.00,4290.00,4290.00,4200,18018000
2026-08-03,DVLA,RG,1600.00,1580.00,1595.00,1600.00,1550.00,18600,29299000
2026-08-03,DWGL,RG,370.00,358.00,376.00,386.00,352.00,4282800,1572252000
2026-08-03,DYAN,RG,84.00,84.00,85.00,88.00,83.00,5377900,458781400
2026-08-03,EAST,RG,92.00,93.00,92.00,94.00,92.00,3004400,278523800
2026-08-03,ECII,RG,160.00,160.00,160.00,163.00,159.00,2225700,357503500
2026-08-03,EDGE,RG,4790.00,4790.00,0.00,0.00,0.00,0,0
2026-08-03,EKAD,RG,170.00,170.00,171.00,171.00,168.00,44800,7580000
2026-08-03,ELIT,RG,173.00,173.00,175.00,178.00,171.00,1767700,306159000
2026-08-03,ELPI,RG,720.00,720.00,730.00,750.00,700.00,2340200,1688233000
2026-08-03,ELSA,RG,695.00,700.00,695.00,720.00,685.00,50896500,35826501500
2026-08-03,ELTY,RG,32.00,31.00,31.00,32.00,31.00,55950600,1743744300
2026-08-03,EMAS,RG,6600.00,6725.00,6600.00,6725.00,6575.00,19699800,130912692500
2026-08-03,EMDE,RG,69.00,71.00,73.00,78.00,70.00,41359900,3027523900
2026-08-03,EMMI,RG,422.00,406.00,422.00,428.00,406.00,6324800,2630265400
2026-08-03,EMTK,RG,530.00,520.00,520.00,525.00,505.00,47286000,24361584500
2026-08-03,ENAK,RG,252.00,244.00,252.00,252.00,240.00,419700,102370800
2026-08-03,ENRG,RG,1290.00,1265.00,1285.00,1300.00,1235.00,71115400,89899214500
2026-08-03,ENVY,RG,50.00,50.00,0.00,0.00,0.00,0,0
2026-08-03,ENZO,RG,66.00,66.00,67.00,70.00,65.00,17670400,1185536300
2026-08-03,EPAC,RG,62.00,61.00,63.00,63.00,60.00,29248200,1794794900
2026-08-03,EPMT,RG,2360.00,2400.00,2360.00,2400.00,2330.00,54600,128969000
2026-08-03,ERAA,RG,420.00,426.00,420.00,432.00,420.00,83989900,35752158800
2026-08-03,ERAL,RG,306.00,310.00,306.00,314.00,304.00,4337300,1337561000
2026-08-03,ERTX,RG,175.00,193.00,177.00,232.00,177.00,21168500,4354341000
2026-08-03,ESIP,RG,130.00,130.00,130.00,139.00,127.00,88320900,11792427100
2026-08-03,ESSA,RG,640.00,625.00,640.00,640.00,615.00,47280300,29567492500
2026-08-03,ESTA,RG,196.00,187.00,197.00,199.00,185.00,690800,130610800
2026-08-03,ESTI,RG,157.00,165.00,157.00,174.00,153.00,17915000,2929801400
2026-08-03,ETWA,RG,70.00,70.00,0.00,0.00,0.00,0,0
2026-08-03,EURO,RG,1940.00,1830.00,1945.00,1945.00,1755.00,424500,768744000
2026-08-03,EXCL,RG,2440.00,2530.00,2470.00,2540.00,2450.00,8010900,20030863000
2026-08-03,FAPA,RG,7350.00,7375.00,7325.00,7375.00,7325.00,2700,19817500
2026-08-03,FAST,RG,352.00,352.00,360.00,376.00,334.00,8416700,3021299800
2026-08-03,FASW,RG,5275.00,5275.00,0.00,0.00,0.00,0,0
2026-08-03,FILM,RG,1060.00,1095.00,1060.00,1125.00,1045.00,8807200,9571963000
2026-08-03,FIMP,RG,69.00,69.00,0.00,0.00,0.00,0,0
2026-08-03,FIRE,RG,107.00,107.00,107.00,109.00,106.00,2895300,309509600
2026-08-03,FISH,RG,615.00,610.00,625.00,625.00,600.00,63700,38840500
2026-08-03,FITT,RG,350.00,352.00,358.00,358.00,350.00,288600,101754400
2026-08-03,FLMC,RG,73.00,70.00,73.00,74.00,68.00,3516800,246524900
2026-08-03,FMII,RG,252.00,252.00,252.00,252.00,242.00,28800,7139400
2026-08-03,FOLK,RG,210.00,210.00,210.00,214.00,206.00,4854300,1021313000
2026-08-03,FOOD,RG,176.00,176.00,0.00,0.00,0.00,0,0
2026-08-03,FORE,RG,690.00,720.00,700.00,725.00,680.00,25560700,18083975500
2026-08-03,FORU,RG,2900.00,2810.00,2950.00,2950.00,2740.00,901400,2528285000
2026-08-03,FPNI,RG,406.00,424.00,505.00,505.00,420.00,50863900,23378830800
2026-08-03,FUJI,RG,202.00,204.00,200.00,208.00,200.00,694900,141275400
2026-08-03,FUTR,RG,280.00,330.00,280.00,336.00,280.00,169473600,53391786000
2026-08-03,FWCT,RG,93.00,94.00,94.00,98.00,92.00,17822200,1689224300
2026-08-03,GAMA,RG,18.00,18.00,0.00,0.00,0.00,0,0
2026-08-03,GDST,RG,97.00,105.00,100.00,107.00,97.00,29344400,2999349000
2026-08-03,GDYR,RG,1095.00,1105.00,1070.00,1105.00,1060.00,33300,36097000
2026-08-03,GEMA,RG,81.00,81.00,82.00,82.00,80.00,191800,15535500
2026-08-03,GEMS,RG,6475.00,6500.00,6500.00,6600.00,6450.00,33200,216415000
2026-08-03,GGRM,RG,19000.00,19500.00,19000.00,19750.00,18950.00,3642000,70816835000
2026-08-03,GGRP,RG,298.00,296.00,298.00,302.00,296.00,433300,128869600
2026-08-03,GHON,RG,1630.00,1630.00,1650.00,1650.00,1610.00,7700,12540500
2026-08-03,GIAA,RG,54.00,54.00,54.00,55.00,53.00,50477700,2717784000
2026-08-03,GJTL,RG,1225.00,1310.00,1245.00,1340.00,1240.00,19998300,25924998500
2026-08-03,GLOB,RG,155.00,155.00,0.00,0.00,0.00,0,0
2026-08-03,GLVA,RG,306.00,306.00,308.00,308.00,300.00,6800,2053800
2026-08-03,GMFI,RG,54.00,54.00,54.00,54.00,52.00,51616500,2734305800
2026-08-03,GMTD,RG,1280.00,1280.00,1280.00,1285.00,1260.00,16600,21146000
2026-08-03,GOLD,RG,262.00,266.00,262.00,278.00,258.00,113300,30714200
2026-08-03,GOLF,RG,160.00,158.00,162.00,162.00,157.00,1684200,266711900
2026-08-03,GOLL,RG,50.00,50.00,0.00,0.00,0.00,0,0
2026-08-03,GOOD,RG,294.00,294.00,294.00,298.00,292.00,172800,50707800
2026-08-03,GOTO,RG,50.00,50.00,50.00,50.00,50.00,46756100,2337805000
2026-08-03,GPRA,RG,102.00,102.00,102.00,105.00,101.00,97855800,10092552200
2026-08-03,GPSO,RG,304.00,308.00,308.00,324.00,300.00,69152500,21721237200
2026-08-03,GRIA,RG,120.00,139.00,120.00,139.00,120.00,44548100,5898535700
2026-08-03,GRPH,RG,59.00,59.00,60.00,60.00,59.00,670100,39673600
2026-08-03,GRPM,RG,228.00,240.00,250.00,250.00,228.00,616800,144175200
2026-08-03,GSMF,RG,88.00,87.00,88.00,89.00,86.00,1647300,143374900
2026-08-03,GTBO,RG,170.00,170.00,0.00,0.00,0.00,0,0
2026-08-03,GTRA,RG,242.00,240.00,240.00,250.00,236.00,385900,93953400
2026-08-03,GTSI,RG,153.00,153.00,154.00,164.00,148.00,113459600,17793679200
2026-08-03,GULA,RG,790.00,810.00,790.00,820.00,785.00,21546100,17312946000
2026-08-03,GUNA,RG,202.00,202.00,202.00,204.00,198.00,74900,14954400
2026-08-03,GWSA,RG,130.00,129.00,130.00,134.00,127.00,1051300,136788800
2026-08-03,GZCO,RG,176.00,176.00,173.00,185.00,169.00,90959000,16235744000
2026-08-03,HADE,RG,18.00,19.00,18.00,19.00,18.00,405200,7567600
2026-08-03,HAIS,RG,187.00,185.00,186.00,186.00,180.00,779700,142534000
2026-08-03,HAJJ,RG,106.00,105.00,107.00,108.00,104.00,7793400,826652400
2026-08-03,HALO,RG,71.00,69.00,72.00,72.00,68.00,6913800,483944100
2026-08-03,HATM,RG,530.00,525.00,530.00,540.00,505.00,19188800,10122680000
2026-08-03,HBAT,RG,224.00,222.00,224.00,226.00,218.00,295800,65425800
2026-08-03,HDFA,RG,92.00,90.00,91.00,91.00,89.00,193900,17458800
2026-08-03,HDIT,RG,51.00,50.00,50.00,50.00,50.00,1623700,81185000
2026-08-03,HEAL,RG,800.00,795.00,805.00,805.00,790.00,7611700,6067144500
2026-08-03,HELI,RG,183.00,184.00,183.00,195.00,179.00,2279800,423839800
2026-08-03,HERO,RG,334.00,354.00,334.00,356.00,324.00,613000,210691200
2026-08-03,HEXA,RG,4470.00,4470.00,4470.00,4480.00,4440.00,140200,625116000
2026-08-03,HGII,RG,122.00,119.00,122.00,122.00,119.00,381000,45951700
2026-08-03,HILL,RG,16.00,16.00,0.00,0.00,0.00,0,0
2026-08-03,HITS,RG,116.00,116.00,0.00,0.00,0.00,0,0
2026-08-03,HKMU,RG,50.00,50.00,0.00,0.00,0.00,0,0
2026-08-03,HMSP,RG,735.00,735.00,740.00,745.00,730.00,16085000,11857802500
2026-08-03,HOKI,RG,54.00,53.00,54.00,55.00,53.00,9976700,536344400
2026-08-03,HOME,RG,50.00,50.00,0.00,0.00,0.00,0,0
2026-08-03,HOMI,RG,177.00,177.00,177.00,178.00,176.00,1156100,204353400
2026-08-03,HOPE,RG,212.00,216.00,214.00,218.00,204.00,50674000,10825865800
2026-08-03,HOTL,RG,50.00,50.00,0.00,0.00,0.00,0,0
2026-08-03,HRME,RG,42.00,43.00,42.00,43.00,42.00,792500,33303600
2026-08-03,HRTA,RG,1855.00,1835.00,1865.00,1875.00,1805.00,14904700,27376483500
2026-08-03,HRUM,RG,835.00,885.00,860.00,900.00,850.00,28112400,24639498000
2026-08-03,HUMI,RG,137.00,138.00,138.00,147.00,133.00,120566100,16976588500
2026-08-03,HYGN,RG,171.00,165.00,170.00,174.00,163.00,2579100,430243800
2026-08-03,IATA,RG,76.00,91.00,81.00,99.00,78.00,3326142800,297870457800
2026-08-03,IBFN,RG,63.00,63.00,0.00,0.00,0.00,0,0
2026-08-03,IBOS,RG,64.00,64.00,64.00,65.00,63.00,2790000,178125000
2026-08-03,IBST,RG,8475.00,8475.00,0.00,0.00,0.00,0,0
2026-08-03,ICBP,RG,6975.00,7200.00,7125.00,7200.00,7000.00,6342500,45363950000
2026-08-03,ICON,RG,107.00,106.00,107.00,110.00,105.00,2541600,270387000
2026-08-03,IDEA,RG,62.00,67.00,62.00,68.00,60.00,8223200,537059700
2026-08-03,IDPR,RG,290.00,286.00,290.00,292.00,278.00,42700,12092400
2026-08-03,IFII,RG,206.00,208.00,208.00,208.00,202.00,89900,18324000
2026-08-03,IFSH,RG,1155.00,1090.00,1090.00,1090.00,1090.00,79800,86982000
2026-08-03,IGAR,RG,436.00,444.00,438.00,444.00,436.00,77100,34092200
2026-08-03,IIKP,RG,50.00,50.00,0.00,0.00,0.00,0,0
2026-08-03,IKAI,RG,20.00,22.00,22.00,22.00,22.00,24585400,540878800
2026-08-03,IKAN,RG,84.00,86.00,88.00,91.00,84.00,23294100,2042847700
2026-08-03,IKBI,RG,565.00,555.00,565.00,575.00,545.00,276700,154802500
2026-08-03,IKPM,RG,187.00,184.00,190.00,190.00,181.00,42400,7859800
2026-08-03,IMAS,RG,855.00,860.00,860.00,865.00,850.00,426700,367651500
2026-08-03,IMJS,RG,158.00,162.00,159.00,168.00,158.00,11008500,1786988100
2026-08-03,IMPC,RG,1545.00,1540.00,1570.00,1585.00,1530.00,8656300,13419815000
2026-08-03,INAF,RG,126.00,126.00,0.00,0.00,0.00,0,0
2026-08-03,INAI,RG,177.00,180.00,177.00,199.00,170.00,8236000,1521848600
2026-08-03,INAI,RG,177.00,180.00,177.00,199.00,170.00,8236000,1521848600
2026-08-03,INCF,RG,50.00,50.00,0.00,0.00,0.00,0,0
2026-08-03,INCI,RG,665.00,655.00,665.00,665.00,640.00,22000,14438000
2026-08-03,INCO,RG,5275.00,5200.00,5450.00,5450.00,5150.00,10413200,54452597500
2026-08-03,INDF,RG,6975.00,7075.00,7125.00,7200.00,6925.00,10645600,75671945000
2026-08-03,INDO,RG,176.00,175.00,176.00,177.00,174.00,22412500,3926619400
2026-08-03,INDR,RG,2300.00,2350.00,2380.00,2400.00,2200.00,64900,150621000
2026-08-03,INDS,RG,280.00,280.00,282.00,286.00,274.00,4980100,1395073200
2026-08-03,INDX,RG,60.00,60.00,0.00,0.00,0.00,0,0
2026-08-03,INDY,RG,2630.00,2340.00,2590.00,2590.00,2310.00,63087600,153024131000
2026-08-03,INET,RG,234.00,228.00,236.00,244.00,226.00,232124100,54790330800
2026-08-03,INKP,RG,8400.00,8475.00,8700.00,8825.00,8400.00,9811500,83742630000
2026-08-03,INOV,RG,142.00,144.00,143.00,148.00,142.00,7121900,1031192200
2026-08-03,INPC,RG,140.00,139.00,140.00,144.00,138.00,2651400,375541300
2026-08-03,INPP,RG,700.00,690.00,700.00,710.00,680.00,116400,81580000
2026-08-03,INPS,RG,665.00,700.00,675.00,700.00,675.00,323600,225726000
2026-08-03,INRU,RG,590.00,590.00,0.00,0.00,0.00,0,0
2026-08-03,INTA,RG,61.00,61.00,0.00,0.00,0.00,0,0
2026-08-03,INTD,RG,252.00,254.00,250.00,258.00,246.00,15300,3793000
2026-08-03,INTP,RG,4670.00,4800.00,4630.00,4870.00,4630.00,2296400,10942537000
2026-08-03,IOTF,RG,53.00,53.00,53.00,54.00,52.00,8617100,455324400
2026-08-03,IPAC,RG,162.00,159.00,167.00,168.00,154.00,401600,63486100
2026-08-03,IPCC,RG,1150.00,1145.00,1155.00,1155.00,1145.00,328400,377875500
2026-08-03,IPCM,RG,308.00,304.00,308.00,308.00,300.00,1176000,356770000
2026-08-03,IPOL,RG,106.00,106.00,106.00,108.00,106.00,305100,32516900
2026-08-03,IPPE,RG,14.00,14.00,0.00,0.00,0.00,0,0
2026-08-03,IPTV,RG,31.00,31.00,31.00,32.00,31.00,2674000,83810800
2026-08-03,IRRA,RG,376.00,374.00,378.00,380.00,372.00,756300,283098800
2026-08-03,IRSX,RG,360.00,364.00,366.00,394.00,350.00,178074900,66492917800
2026-08-03,ISAP,RG,25.00,24.00,25.00,25.00,23.00,11252200,270544000
2026-08-03,ISAT,RG,1900.00,1905.00,1920.00,1945.00,1895.00,18734200,35954366000
2026-08-03,ISEA,RG,80.00,81.00,82.00,85.00,80.00,10046900,827332000
2026-08-03,ISSP,RG,440.00,438.00,442.00,444.00,432.00,845100,370950800
2026-08-03,ITIC,RG,212.00,214.00,212.00,216.00,208.00,471800,100693200
2026-08-03,ITMA,RG,1335.00,1360.00,1335.00,1450.00,1335.00,33800,47534500
2026-08-03,ITMG,RG,24575.00,24625.00,24600.00,24850.00,24300.00,1332900,32920740000
2026-08-03,JARR,RG,1930.00,1900.00,1950.00,1960.00,1885.00,1451100,2776296500
2026-08-03,JAST,RG,84.00,84.00,84.00,85.00,82.00,1716100,142863500
2026-08-03,JATI,RG,95.00,96.00,96.00,97.00,94.00,9468300,907518000
2026-08-03,JAWA,RG,130.00,127.00,130.00,138.00,126.00,7404000,953476700
2026-08-03,JAYA,RG,132.00,134.00,132.00,135.00,131.00,1832500,244558800
2026-08-03,JECC,RG,620.00,640.00,620.00,645.00,610.00,72600,45860500
2026-08-03,JELI,RG,630.00,785.00,635.00,785.00,630.00,154549100,112898528000
2026-08-03,JGLE,RG,64.00,65.00,64.00,73.00,61.00,1638467000,110621270400
2026-08-03,JIHD,RG,420.00,420.00,424.00,432.00,420.00,35400,14950200
2026-08-03,JKON,RG,66.00,89.00,71.00,89.00,71.00,588233400,50764631600
2026-08-03,JMAS,RG,228.00,228.00,0.00,0.00,0.00,0,0
2026-08-03,JPFA,RG,2150.00,2180.00,2250.00,2250.00,2130.00,16529400,36159401000
2026-08-03,JRPT,RG,1080.00,1080.00,1080.00,1080.00,1075.00,264600,285755500
2026-08-03,JSKY,RG,52.00,52.00,0.00,0.00,0.00,0,0
2026-08-03,JSMR,RG,2740.00,2770.00,2700.00,2770.00,2700.00,4380700,12013526000
2026-08-03,JSPT,RG,1470.00,1370.00,1475.00,1485.00,1360.00,212000,296823000
2026-08-03,JTPE,RG,600.00,585.00,600.00,605.00,585.00,3761200,2252598500
2026-08-03,KAEF,RG,452.00,450.00,456.00,458.00,450.00,246600,111523200
2026-08-03,KAQI,RG,97.00,92.00,98.00,98.00,91.00,64526800,6139773800
2026-08-03,KARW,RG,212.00,212.00,0.00,0.00,0.00,0,0
2026-08-03,KAYU,RG,18.00,18.00,0.00,0.00,0.00,0,0
2026-08-03,KBAG,RG,43.00,44.00,43.00,44.00,43.00,1163500,50725300
2026-08-03,KBLI,RG,324.00,322.00,326.00,326.00,322.00,206500,66850400
2026-08-03,KBLM,RG,302.00,302.00,302.00,302.00,300.00,304400,91904000
2026-08-03,KBLV,RG,132.00,127.00,133.00,134.00,126.00,15495700,2008564100
2026-08-03,KBRI,RG,50.00,50.00,0.00,0.00,0.00,0,0
2026-08-03,KDSI,RG,458.00,454.00,462.00,462.00,454.00,11400,5213000
2026-08-03,KDTN,RG,376.00,470.00,376.00,470.00,376.00,35894900,15892377600
2026-08-03,KEEN,RG,875.00,875.00,880.00,885.00,870.00,8329700,7277659000
2026-08-03,KEJU,RG,550.00,550.00,550.00,550.00,540.00,80100,43547500
2026-08-03,KETR,RG,555.00,550.00,560.00,585.00,545.00,14696000,8244371000
2026-08-03,KIAS,RG,21.00,21.00,0.00,0.00,0.00,0,0
2026-08-03,KICI,RG,193.00,191.00,193.00,196.00,189.00,239500,46106200
2026-08-03,KIJA,RG,130.00,123.00,127.00,127.00,121.00,102124800,12558395600
2026-08-03,KINO,RG,1230.00,1290.00,1265.00,1300.00,1240.00,249800,314676500
2026-08-03,KIOS,RG,95.00,93.00,95.00,96.00,93.00,9404100,888993900
2026-08-03,KJEN,RG,148.00,143.00,155.00,155.00,140.00,11069000,1613028300
2026-08-03,KKES,RG,66.00,66.00,64.00,66.00,64.00,4010900,259964000
2026-08-03,KKGI,RG,276.00,276.00,276.00,276.00,270.00,1794300,490583200
2026-08-03,KLAS,RG,75.00,75.00,75.00,76.00,73.00,5570200,417089600
2026-08-03,KLBF,RG,725.00,725.00,725.00,740.00,720.00,115402300,84199464000
2026-08-03,KLIN,RG,120.00,111.00,117.00,122.00,111.00,271400,31244000
2026-08-03,KMDS,RG,545.00,540.00,545.00,545.00,520.00,101300,53375000
2026-08-03,KMTR,RG,234.00,234.00,232.00,236.00,230.00,55800,12979000
2026-08-03,KOBX,RG,161.00,161.00,163.00,164.00,161.00,3561200,576522200
2026-08-03,KOCI,RG,99.00,117.00,99.00,118.00,97.00,85246500,9372598100
2026-08-03,KOIN,RG,78.00,78.00,0.00,0.00,0.00,0,0
2026-08-03,KOKA,RG,193.00,196.00,192.00,212.00,181.00,43459800,8765048500
2026-08-03,KONI,RG,2470.00,2430.00,2460.00,2470.00,2430.00,14800,36283000
2026-08-03,KOPI,RG,212.00,210.00,218.00,218.00,206.00,1450900,305646000
2026-08-03,KOTA,RG,147.00,152.00,149.00,185.00,144.00,2985030000,485779229800
2026-08-03,KPIG,RG,83.00,86.00,84.00,88.00,81.00,170063600,14346916400
2026-08-03,KRAS,RG,224.00,226.00,224.00,228.00,222.00,1798400,403681200
2026-08-03,KREN,RG,13.00,13.00,13.00,13.00,13.00,47223600,613906800
2026-08-03,KRYA,RG,59.00,61.00,59.00,62.00,59.00,36189200,2190063000
2026-08-03,KSIX,RG,284.00,330.00,286.00,336.00,270.00,915300,286718000
2026-08-03,KUAS,RG,91.00,92.00,91.00,93.00,91.00,10579600,970570400
2026-08-03,LABA,RG,95.00,94.00,94.00,95.00,93.00,5339000,501730300
2026-08-03,LABS,RG,151.00,153.00,152.00,154.00,149.00,946900,143600800
2026-08-03,LAJU,RG,66.00,65.00,67.00,71.00,65.00,41999900,2839889100
2026-08-03,LAND,RG,75.00,77.00,76.00,82.00,75.00,83630600,6589663800
2026-08-03,LAPD,RG,62.00,63.00,63.00,64.00,61.00,10900900,681323000
2026-08-03,LCGP,RG,114.00,114.00,0.00,0.00,0.00,0,0
2026-08-03,LCKM,RG,109.00,109.00,0.00,0.00,0.00,0,0
2026-08-03,LEAD,RG,111.00,106.00,105.00,112.00,104.00,75212400,8063130600
2026-08-03,LFLO,RG,486.00,484.00,486.00,486.00,484.00,20800,10108600
2026-08-03,LIFE,RG,5800.00,5800.00,5825.00,5825.00,5800.00,1400,8142500
2026-08-03,LINK,RG,1405.00,1400.00,1395.00,1415.00,1390.00,7400,10359500
2026-08-03,LION,RG,356.00,352.00,356.00,360.00,342.00,93300,32761200
2026-08-03,LIVE,RG,210.00,212.00,210.00,216.00,206.00,1721800,362119600
2026-08-03,LMAS,RG,50.00,50.00,0.00,0.00,0.00,0,0
2026-08-03,LMAX,RG,110.00,113.00,112.00,120.00,112.00,346000,40289300
2026-08-03,LMPI,RG,141.00,140.00,142.00,143.00,139.00,494500,69510100
2026-08-03,LMSH,RG,256.00,256.00,0.00,0.00,0.00,0,0
2026-08-03,LOPI,RG,62.00,65.00,62.00,67.00,62.00,2800700,181420500
2026-08-03,LPCK,RG,540.00,590.00,545.00,610.00,535.00,2185700,1271995000
2026-08-03,LPGI,RG,615.00,635.00,635.00,645.00,620.00,10600,6717500
2026-08-03,LPIN,RG,422.00,416.00,424.00,424.00,414.00,65100,27223000
2026-08-03,LPKR,RG,60.00,60.00,60.00,62.00,60.00,153291000,9279404600
2026-08-03,LPLI,RG,244.00,246.00,246.00,252.00,236.00,384200,93847800
2026-08-03,LPPF,RG,1555.00,1555.00,1560.00,1570.00,1555.00,767000,1196868000
2026-08-03,LPPS,RG,80.00,81.00,81.00,84.00,80.00,3161500,256924400
2026-08-03,LRNA,RG,183.00,184.00,184.00,188.00,183.00,197000,36402200
2026-08-03,LSIP,RG,1430.00,1450.00,1430.00,1470.00,1420.00,12300900,17827827000
2026-08-03,LTLS,RG,830.00,830.00,830.00,865.00,830.00,168300,143056500
2026-08-03,LUCK,RG,110.00,111.00,111.00,116.00,109.00,12076900,1369622200
2026-08-03,LUCY,RG,244.00,224.00,246.00,250.00,220.00,15990000,3687696800
2026-08-03,MABA,RG,50.00,50.00,0.00,0.00,0.00,0,0
2026-08-03,MAGP,RG,50.00,50.00,0.00,0.00,0.00,0,0
2026-08-03,MAHA,RG,145.00,145.00,146.00,148.00,145.00,5179700,756132900
2026-08-03,MAIN,RG,675.00,665.00,675.00,680.00,660.00,2216200,1477900000
2026-08-03,MANG,RG,39.00,39.00,40.00,40.00,38.00,5751500,220260200
2026-08-03,MAPA,RG,650.00,675.00,640.00,705.00,635.00,105522700,71124764500
2026-08-03,MAPB,RG,1170.00,1170.00,0.00,0.00,0.00,0,0
2026-08-03,MAPI,RG,1555.00,1895.00,1560.00,1940.00,1555.00,52537000,96971880000
2026-08-03,MARI,RG,23.00,23.00,0.00,0.00,0.00,0,0
2026-08-03,MARK,RG,1070.00,1075.00,1065.00,1085.00,1040.00,18527500,19733900500
2026-08-03,MASB,RG,3390.00,3390.00,3380.00,3390.00,3380.00,7600,25704000
2026-08-03,MAXI,RG,50.00,50.00,50.00,50.00,50.00,805900,40295000
2026-08-03,MAYA,RG,196.00,199.00,196.00,208.00,196.00,1244800,248488100
2026-08-03,MBAP,RG,1420.00,1395.00,1420.00,1450.00,1395.00,109600,155820500
2026-08-03,MBMA,RG,505.00,515.00,520.00,520.00,505.00,72975500,37320449500
2026-08-03,MBSS,RG,2840.00,2830.00,2840.00,2850.00,2810.00,726900,2051483000
2026-08-03,MBTO,RG,121.00,121.00,121.00,124.00,120.00,1147800,139334900
2026-08-03,MCAS,RG,264.00,250.00,268.00,284.00,244.00,12531300,3233776800
2026-08-03,MCOL,RG,3800.00,3740.00,3790.00,3790.00,3740.00,25800,96748000
2026-08-03,MCOR,RG,69.00,68.00,68.00,69.00,68.00,2163300,148894900
2026-08-03,MDIA,RG,191.00,202.00,193.00,230.00,186.00,1245553000,258784315000
2026-08-03,MDIY,RG,915.00,905.00,905.00,915.00,905.00,38800,35352500
2026-08-03,MDKA,RG,2720.00,2720.00,2800.00,2800.00,2700.00,12894500,35216955000
2026-08-03,MDKI,RG,182.00,185.00,182.00,187.00,179.00,202600,37011800
2026-08-03,MDLA,RG,212.00,210.00,212.00,214.00,200.00,869400,180389800
2026-08-03,MDLN,RG,50.00,50.00,50.00,50.00,50.00,508200,25410000
2026-08-03,MDRN,RG,26.00,26.00,0.00,0.00,0.00,0,0
2026-08-03,MEDC,RG,1285.00,1305.00,1265.00,1340.00,1240.00,81999200,106280050000
2026-08-03,MEDS,RG,76.00,75.00,77.00,79.00,74.00,53703600,4096539100
2026-08-03,MEGA,RG,1970.00,1985.00,1970.00,1985.00,1965.00,16500,32634000
2026-08-03,MEJA,RG,95.00,93.00,94.00,98.00,92.00,11700800,1089540100
2026-08-03,MENN,RG,53.00,53.00,0.00,0.00,0.00,0,0
2026-08-03,MERI,RG,103.00,103.00,104.00,104.00,102.00,1391500,143169900
2026-08-03,MERK,RG,3800.00,3930.00,3800.00,3930.00,3800.00,61300,238376000
2026-08-03,META,RG,238.00,238.00,0.00,0.00,0.00,0,0
2026-08-03,MFMI,RG,1300.00,1300.00,0.00,0.00,0.00,0,0
2026-08-03,MGLV,RG,8350.00,8150.00,8425.00,8450.00,7825.00,514500,4154412500
2026-08-03,MGNA,RG,115.00,114.00,119.00,119.00,111.00,9989900,1137962100
2026-08-03,MGRO,RG,710.00,650.00,710.00,710.00,650.00,5346000,3634488000
2026-08-03,MHKI,RG,134.00,132.00,134.00,135.00,129.00,2786500,367277400
2026-08-03,MICE,RG,520.00,515.00,530.00,530.00,515.00,39600,20553000
2026-08-03,MIDI,RG,284.00,280.00,286.00,288.00,278.00,4088700,1150766800
2026-08-03,MIKA,RG,1765.00,1830.00,1755.00,1830.00,1745.00,5089800,9172040000
2026-08-03,MINA,RG,272.00,268.00,272.00,278.00,266.00,63098900,17106065400
2026-08-03,MINE,RG,222.00,228.00,222.00,258.00,222.00,7938500,1883409400
2026-08-03,MIRA,RG,23.00,21.00,22.00,22.00,21.00,3767900,80616000
2026-08-03,MITI,RG,162.00,218.00,162.00,218.00,162.00,36139400,7226816400
2026-08-03,MKAP,RG,1160.00,1165.00,1160.00,1165.00,1160.00,48500,56332500
2026-08-03,MKNT,RG,1.00,1.00,0.00,0.00,0.00,0,0
2026-08-03,MKPI,RG,21775.00,21750.00,21700.00,21775.00,21700.00,40400,878192500
2026-08-03,MKTR,RG,125.00,124.00,124.00,125.00,121.00,261000,32359100
2026-08-03,MLBI,RG,6800.00,6975.00,6825.00,7000.00,6825.00,74100,511325000
2026-08-03,MLIA,RG,232.00,232.00,232.00,232.00,230.00,30900,7128800
2026-08-03,MLPL,RG,97.00,96.00,99.00,100.00,95.00,24774800,2385312200
2026-08-03,MLPT,RG,1925.00,1740.00,1935.00,2000.00,1740.00,13233400,24397379500
2026-08-03,MMIX,RG,735.00,735.00,740.00,740.00,720.00,16699100,12248653000
2026-08-03,MMLP,RG,298.00,296.00,296.00,302.00,296.00,249100,74045600
2026-08-03,MNCN,RG,210.00,202.00,208.00,208.00,200.00,35629100,7213924200
2026-08-03,MOLI,RG,264.00,260.00,270.00,270.00,250.00,3028100,787589200
2026-08-03,MORA,RG,6250.00,6275.00,6225.00,6300.00,6200.00,111000,693975000
2026-08-03,MPMX,RG,1010.00,1000.00,1010.00,1010.00,995.00,2473500,2471189500
2026-08-03,MPOW,RG,106.00,106.00,106.00,109.00,105.00,2084100,222881300
2026-08-03,MPPA,RG,47.00,46.00,47.00,47.00,46.00,10128000,472504500
2026-08-03,MPRO,RG,11000.00,11100.00,12000.00,12000.00,11000.00,2100,23442500
2026-08-03,MPXL,RG,153.00,156.00,152.00,157.00,152.00,615800,95482300
2026-08-03,MRAT,RG,440.00,442.00,442.00,444.00,432.00,185600,81275800
2026-08-03,MREI,RG,920.00,920.00,0.00,0.00,0.00,0,0
2026-08-03,MSIE,RG,96.00,95.00,96.00,97.00,90.00,9501100,879486300
2026-08-03,MSIN,RG,400.00,396.00,400.00,402.00,390.00,20033700,7883746400
2026-08-03,MSJA,RG,392.00,402.00,394.00,402.00,390.00,13794400,5444892400
2026-08-03,MSKY,RG,66.00,62.00,67.00,71.00,62.00,118734000,7880295700
2026-08-03,MSTI,RG,1330.00,1315.00,1335.00,1355.00,1310.00,892200,1187705500
2026-08-03,MTDL,RG,505.00,510.00,505.00,515.00,505.00,3252400,1669804000
2026-08-03,MTEL,RG,462.00,452.00,462.00,462.00,450.00,55900000,25307683600
2026-08-03,MTFN,RG,13.00,13.00,0.00,0.00,0.00,0,0
2026-08-03,MTLA,RG,570.00,530.00,570.00,575.00,520.00,119000,63810500
2026-08-03,MTMH,RG,910.00,915.00,905.00,940.00,905.00,12100,11007000
2026-08-03,MTPS,RG,81.00,81.00,0.00,0.00,0.00,0,0
2026-08-03,MTRA,RG,244.00,244.00,0.00,0.00,0.00,0,0
2026-08-03,MTSM,RG,500.00,500.00,0.00,0.00,0.00,0,0
2026-08-03,MTWI,RG,258.00,252.00,260.00,260.00,246.00,43000,10715600
2026-08-03,MUTU,RG,109.00,111.00,108.00,113.00,107.00,7693500,851688500
2026-08-03,MYOH,RG,1050.00,1040.00,1055.00,1060.00,1030.00,57000,59117500
2026-08-03,MYOR,RG,1685.00,1660.00,1690.00,1700.00,1650.00,9756600,16276443000
2026-08-03,MYTX,RG,41.00,41.00,0.00,0.00,0.00,0,0
2026-08-03,NAIK,RG,87.00,86.00,87.00,88.00,86.00,1922500,167703800
2026-08-03,NANO,RG,29.00,29.00,30.00,30.00,28.00,25044000,731731000
2026-08-03,NASA,RG,30.00,30.00,30.00,31.00,30.00,234200,7177500
2026-08-03,NASI,RG,129.00,126.00,129.00,135.00,119.00,2494400,318863700
2026-08-03,NATO,RG,670.00,655.00,670.00,680.00,640.00,157100,102772500
2026-08-03,NAYZ,RG,60.00,58.00,65.00,65.00,56.00,24849900,1478878000
2026-08-03,NCKL,RG,895.00,935.00,930.00,955.00,910.00,94952200,88899161500
2026-08-03,NELY,RG,200.00,198.00,200.00,202.00,194.00,1035600,203809100
2026-08-03,NEST,RG,690.00,775.00,690.00,775.00,690.00,24898700,18459066500
2026-08-03,NETV,RG,51.00,52.00,55.00,59.00,51.00,683555800,37574539400
2026-08-03,NFCX,RG,1495.00,1545.00,1500.00,1560.00,1475.00,71600,107817500
2026-08-03,NICE,RG,252.00,252.00,252.00,252.00,248.00,329400,82391000
2026-08-03,NICK,RG,1220.00,1200.00,1225.00,1245.00,1185.00,9200,11158500
2026-08-03,NICL,RG,476.00,460.00,476.00,478.00,458.00,14658300,6817256200
2026-08-03,NIKL,RG,196.00,194.00,196.00,200.00,192.00,3128900,610446600
2026-08-03,NINE,RG,73.00,71.00,73.00,75.00,69.00,7928500,570493300
2026-08-03,NIRO,RG,149.00,144.00,149.00,155.00,144.00,359200,52156600
2026-08-03,NISP,RG,1290.00,1280.00,1290.00,1300.00,1280.00,2020300,2600970500
2026-08-03,NOBU,RG,474.00,488.00,480.00,490.00,466.00,2237600,1073646000
2026-08-03,NPGF,RG,60.00,58.00,60.00,61.00,57.00,30398200,1799149100
2026-08-03,NRCA,RG,496.00,492.00,500.00,505.00,490.00,2517200,1244451400
2026-08-03,NSSS,RG,1105.00,975.00,1105.00,1170.00,965.00,25512900,27231628500
2026-08-03,NTBK,RG,93.00,92.00,91.00,93.00,90.00,36090900,3319024700
2026-08-03,NUSA,RG,50.00,50.00,0.00,0.00,0.00,0,0
2026-08-03,NZIA,RG,141.00,139.00,143.00,143.00,137.00,4021300,562853600
2026-08-03,OASA,RG,324.00,316.00,324.00,326.00,316.00,21128800,6747917200
2026-08-03,OBAT,RG,246.00,244.00,248.00,248.00,242.00,23200,5678800
2026-08-03,OBMD,RG,180.00,177.00,183.00,184.00,170.00,1422900,247367400
2026-08-03,OCAP,RG,159.00,159.00,0.00,0.00,0.00,0,0
2026-08-03,OILS,RG,232.00,226.00,228.00,230.00,210.00,6488200,1459129400
2026-08-03,OKAS,RG,102.00,101.00,102.00,102.00,99.00,1487000,148973200
2026-08-03,OLIV,RG,51.00,50.00,51.00,51.00,49.00,4540600,223865400
2026-08-03,OMED,RG,218.00,214.00,218.00,220.00,212.00,36875800,7946875400
2026-08-03,OMRE,RG,1090.00,1040.00,1055.00,1095.00,1035.00,31500,33154000
2026-08-03,OPMS,RG,130.00,116.00,131.00,131.00,115.00,77123400,9315473500
2026-08-03,PACK,RG,248.00,236.00,248.00,250.00,230.00,184196700,43836906000
2026-08-03,PADA,RG,144.00,149.00,147.00,157.00,143.00,72574900,10975338400
2026-08-03,PADI,RG,69.00,68.00,69.00,71.00,68.00,271380600,18732209400
2026-08-03,PALM,RG,292.00,290.00,296.00,296.00,288.00,523700,151373200
2026-08-03,PAMG,RG,56.00,56.00,56.00,58.00,55.00,11658300,656297900
2026-08-03,PANI,RG,6250.00,6200.00,6300.00,6525.00,6175.00,4138600,26221105000
2026-08-03,PANR,RG,418.00,418.00,418.00,418.00,414.00,13400,5598600
2026-08-03,PANS,RG,1525.00,1530.00,1525.00,1530.00,1515.00,267700,407172000
2026-08-03,PART,RG,102.00,101.00,102.00,103.00,99.00,4584100,461870000
2026-08-03,PBID,RG,530.00,535.00,530.00,535.00,525.00,1384900,733579000
2026-08-03,PBRX,RG,26.00,27.00,26.00,27.00,26.00,6466800,173668300
2026-08-03,PBSA,RG,770.00,740.00,760.00,800.00,730.00,412900,310289000
2026-08-03,PCAR,RG,45.00,41.00,49.00,49.00,41.00,33355300,1489156200
2026-08-03,PDES,RG,374.00,372.00,374.00,374.00,372.00,38600,14394600
2026-08-03,PDPP,RG,308.00,310.00,318.00,318.00,292.00,232300,70502000
2026-08-03,PEGE,RG,96.00,95.00,97.00,97.00,93.00,21481000,2036638000
2026-08-03,PEHA,RG,262.00,268.00,264.00,278.00,260.00,185500,49277600
2026-08-03,PEVE,RG,336.00,340.00,342.00,342.00,336.00,2591400,880379200
2026-08-03,PGAS,RG,1500.00,1510.00,1550.00,1550.00,1500.00,15393200,23332856000
2026-08-03,PGEO,RG,1010.00,1005.00,1030.00,1030.00,1005.00,5495700,5573483000
2026-08-03,PGJO,RG,760.00,740.00,740.00,805.00,740.00,223900,168380000
2026-08-03,PGLI,RG,196.00,200.00,200.00,212.00,193.00,126700,25252900
2026-08-03,PGUN,RG,7525.00,7475.00,7525.00,7525.00,7375.00,27300,203507500
2026-08-03,PICO,RG,127.00,130.00,127.00,131.00,127.00,172100,22327900
2026-08-03,PIPA,RG,120.00,118.00,121.00,123.00,117.00,20214700,2423912000
2026-08-03,PJAA,RG,450.00,448.00,454.00,456.00,448.00,45800,20642000
2026-08-03,PJHB,RG,168.00,168.00,169.00,169.00,166.00,1433300,240441200
2026-08-03,PKPK,RG,3930.00,3950.00,3950.00,4070.00,3940.00,1436800,5762449000
2026-08-03,PLAN,RG,39.00,38.00,38.00,39.00,37.00,1635600,62398900
2026-08-03,PLAS,RG,50.00,50.00,0.00,0.00,0.00,0,0
2026-08-03,PLIN,RG,2510.00,2510.00,0.00,0.00,0.00,0,0
2026-08-03,PMJS,RG,116.00,121.00,119.00,123.00,113.00,3633900,429609200
2026-08-03,PMMP,RG,50.00,50.00,0.00,0.00,0.00,0,0
2026-08-03,PMUI,RG,95.00,97.00,96.00,111.00,92.00,64378500,6579854500
2026-08-03,PNBN,RG,895.00,905.00,900.00,905.00,890.00,2473000,2223809500
2026-08-03,PNBS,RG,50.00,50.00,50.00,50.00,50.00,334800,16740000
2026-08-03,PNGO,RG,3560.00,3540.00,3550.00,3550.00,3540.00,900,3191000
2026-08-03,PNIN,RG,725.00,715.00,725.00,725.00,705.00,85800,61109500
2026-08-03,PNLF,RG,228.00,224.00,228.00,230.00,222.00,30192100,6816848000
2026-08-03,PNSE,RG,490.00,490.00,498.00,498.00,470.00,14400,6979200
2026-08-03,POLA,RG,58.00,59.00,58.00,59.00,56.00,2534900,147222100
2026-08-03,POLI,RG,725.00,750.00,740.00,750.00,720.00,30700,22669500
2026-08-03,POLL,RG,112.00,112.00,0.00,0.00,0.00,0,0
2026-08-03,POLU,RG,12250.00,12300.00,12600.00,12600.00,12300.00,1200,15050000
2026-08-03,POLY,RG,32.00,32.00,0.00,0.00,0.00,0,0
2026-08-03,POOL,RG,50.00,50.00,0.00,0.00,0.00,0,0
2026-08-03,PORT,RG,865.00,875.00,870.00,900.00,870.00,4300,3828500
2026-08-03,POSA,RG,50.00,50.00,0.00,0.00,0.00,0,0
2026-08-03,POWR,RG,725.00,725.00,725.00,730.00,720.00,1787600,1294832500
2026-08-03,PPGL,RG,210.00,202.00,210.00,210.00,200.00,3500100,707080200
2026-08-03,PPRE,RG,103.00,102.00,103.00,106.00,101.00,17221000,1781574000
2026-08-03,PPRI,RG,149.00,145.00,149.00,149.00,145.00,1031400,152017100
2026-08-03,PPRO,RG,16.00,17.00,16.00,17.00,16.00,16657100,279436800
2026-08-03,PRAY,RG,700.00,710.00,705.00,745.00,705.00,25700,18530000
2026-08-03,PRDA,RG,2400.00,2380.00,2410.00,2410.00,2350.00,414400,988535000
2026-08-03,PRDL,RG,272.00,264.00,272.00,272.00,256.00,43635900,11483068400
2026-08-03,PRIM,RG,102.00,108.00,103.00,118.00,102.00,45523200,4957104900
2026-08-03,PSAB,RG,434.00,428.00,436.00,438.00,426.00,72596300,31332161600
2026-08-03,PSAT,RG,850.00,860.00,860.00,870.00,850.00,93500,80680500
2026-08-03,PSDN,RG,131.00,127.00,130.00,130.00,123.00,12260500,1551313100
2026-08-03,PSGO,RG,196.00,194.00,196.00,197.00,192.00,387700,74987500
2026-08-03,PSKT,RG,224.00,220.00,228.00,228.00,216.00,7913000,1744301800
2026-08-03,PSSI,RG,318.00,326.00,318.00,334.00,312.00,223000,72995000
2026-08-03,PTBA,RG,2320.00,2320.00,2340.00,2340.00,2310.00,14504100,33635172000
2026-08-03,PTDU,RG,70.00,70.00,0.00,0.00,0.00,0,0
2026-08-03,PTIS,RG,270.00,270.00,268.00,294.00,266.00,36700,9923400
2026-08-03,PTMP,RG,62.00,63.00,62.00,65.00,62.00,19642300,1247751000
2026-08-03,PTMR,RG,374.00,374.00,0.00,0.00,0.00,0,0
2026-08-03,PTPP,RG,202.00,199.00,204.00,204.00,199.00,2502200,500704000
2026-08-03,PTPS,RG,150.00,148.00,150.00,151.00,145.00,2413600,357300800
2026-08-03,PTPW,RG,1130.00,1160.00,1135.00,1160.00,1135.00,33600,38381500
2026-08-03,PTRO,RG,4710.00,4570.00,4800.00,4840.00,4570.00,31689400,148845290000
2026-08-03,PTSN,RG,276.00,278.00,280.00,340.00,274.00,10217300,3132286600
2026-08-03,PTSP,RG,890.00,880.00,895.00,920.00,875.00,5600,4972500
2026-08-03,PUDP,RG,304.00,304.00,302.00,304.00,290.00,19300,5789200
2026-08-03,PURA,RG,32.00,33.00,32.00,33.00,32.00,11030600,357707600
2026-08-03,PURE,RG,51.00,51.00,0.00,0.00,0.00,0,0
2026-08-03,PURI,RG,136.00,136.00,136.00,140.00,133.00,947300,127347200
2026-08-03,PWON,RG,266.00,258.00,264.00,264.00,256.00,75038300,19415232200
2026-08-03,PYFA,RG,210.00,202.00,212.00,214.00,202.00,10794000,2221024200
2026-08-03,PZZA,RG,192.00,182.00,192.00,192.00,179.00,2745700,498254500
2026-08-03,RAAM,RG,204.00,202.00,204.00,204.00,199.00,326000,65624600
2026-08-03,RAFI,RG,36.00,36.00,0.00,0.00,0.00,0,0
2026-08-03,RAJA,RG,890.00,875.00,910.00,910.00,875.00,65953400,58666166500
2026-08-03,RALS,RG,378.00,374.00,376.00,378.00,374.00,3025200,1136220400
2026-08-03,RANC,RG,520.00,520.00,520.00,520.00,505.00,19900,10107000
2026-08-03,RANC,RG,520.00,520.00,520.00,520.00,505.00,19900,10107000
2026-08-03,RANS,RG,208.00,206.00,208.00,210.00,202.00,99089700,20333816000
2026-08-03,RATU,RG,5150.00,5050.00,5200.00,5250.00,5050.00,7538800,38838460000
2026-08-03,RBMS,RG,65.00,64.00,64.00,65.00,63.00,19317200,1232828300
2026-08-03,RCCC,RG,100.00,97.00,99.00,101.00,97.00,709600,70635900
2026-08-03,RDTX,RG,13600.00,13450.00,13600.00,13625.00,13450.00,600,8117500
2026-08-03,REAL,RG,51.00,52.00,52.00,54.00,51.00,92099500,4809766900
2026-08-03,RELF,RG,36.00,35.00,35.00,36.00,35.00,455200,15997400
2026-08-03,RELI,RG,492.00,482.00,500.00,500.00,470.00,11500,5501800
2026-08-03,RGAS,RG,242.00,242.00,0.00,0.00,0.00,0,0
2026-08-03,RICY,RG,78.00,78.00,78.00,81.00,77.00,4460000,351472100
2026-08-03,RIGS,RG,680.00,670.00,670.00,680.00,665.00,7500,5032500
2026-08-03,RIMO,RG,50.00,50.00,0.00,0.00,0.00,0,0
2026-08-03,RISE,RG,995.00,980.00,995.00,1015.00,975.00,644200,634621500
2026-08-03,RLCO,RG,5250.00,5000.00,5250.00,5325.00,4930.00,1079600,5469825000
2026-08-03,RMKE,RG,418.00,406.00,420.00,422.00,406.00,70546300,29276201800
2026-08-03,RMKO,RG,298.00,290.00,300.00,300.00,290.00,2814400,828917800
2026-08-03,ROCK,RG,1790.00,1725.00,1780.00,1790.00,1700.00,11300,19671000
2026-08-03,RODA,RG,57.00,59.00,58.00,60.00,55.00,14510800,841488100
2026-08-03,RONY,RG,1320.00,1290.00,1385.00,1385.00,1260.00,100600,129153500
2026-08-03,ROTI,RG,600.00,585.00,585.00,595.00,585.00,696000,408507500
2026-08-03,RSCH,RG,322.00,334.00,322.00,342.00,316.00,27545000,9056665200
2026-08-03,RSGK,RG,990.00,995.00,990.00,1005.00,945.00,19300,18790500
2026-08-03,RUIS,RG,208.00,204.00,200.00,206.00,200.00,349300,70436200
2026-08-03,RUNS,RG,64.00,64.00,64.00,64.00,62.00,591600,37117300
2026-08-03,SAFE,RG,370.00,370.00,368.00,376.00,368.00,127400,47121600
2026-08-03,SAGE,RG,35.00,35.00,38.00,38.00,35.00,11371100,425262700
2026-08-03,SAME,RG,296.00,298.00,296.00,300.00,296.00,502200,149437000
2026-08-03,SAMF,RG,280.00,276.00,280.00,280.00,276.00,134900,37412400
2026-08-03,SAPX,RG,212.00,212.00,214.00,214.00,206.00,157300,32844600
2026-08-03,SATU,RG,262.00,262.00,262.00,264.00,260.00,117100,30784200
2026-08-03,SBAT,RG,1.00,1.00,0.00,0.00,0.00,0,0
2026-08-03,SBMA,RG,108.00,106.00,108.00,108.00,105.00,705000,74813300
2026-08-03,SCCO,RG,2310.00,2300.00,2310.00,2340.00,2290.00,20600,47745000
2026-08-03,SCMA,RG,208.00,202.00,208.00,210.00,200.00,40478500,8225068200
2026-08-03,SCNP,RG,155.00,152.00,156.00,161.00,152.00,596600,92269000
2026-08-03,SCPI,RG,29000.00,29000.00,0.00,0.00,0.00,0,0
2026-08-03,SDMU,RG,78.00,78.00,78.00,79.00,77.00,3360000,262435700
2026-08-03,SDPC,RG,181.00,182.00,180.00,199.00,178.00,654700,120676700
2026-08-03,SDRA,RG,230.00,224.00,228.00,228.00,216.00,4017600,885110400
2026-08-03,SEMA,RG,98.00,98.00,99.00,100.00,98.00,454800,44956100
2026-08-03,SFAN,RG,1975.00,1970.00,1975.00,1975.00,1970.00,47300,93331000
2026-08-03,SGER,RG,488.00,494.00,488.00,505.00,472.00,35426300,17403466700
2026-08-03,SGRO,RG,4070.00,4090.00,4260.00,4620.00,4080.00,361100,1538300000
2026-08-03,SHID,RG,615.00,610.00,620.00,620.00,600.00,21800,13093000
2026-08-03,SHIP,RG,2040.00,2000.00,1990.00,2040.00,1960.00,26300,52577000
2026-08-03,SICO,RG,108.00,107.00,107.00,109.00,106.00,1171800,125704300
2026-08-03,SIDO,RG,362.00,352.00,358.00,360.00,350.00,70402900,24896550200
2026-08-03,SILO,RG,2200.00,2350.00,2200.00,2410.00,2200.00,2476400,5799618000
2026-08-03,SIMA,RG,50.00,50.00,0.00,0.00,0.00,0,0
2026-08-03,SIMP,RG,615.00,590.00,610.00,610.00,590.00,22243000,13274541500
2026-08-03,SINI,RG,7450.00,7350.00,7500.00,7500.00,7350.00,1498200,11112255000
2026-08-03,SIPD,RG,670.00,675.00,670.00,690.00,660.00,11100,7406500
2026-08-03,SKBM,RG,550.00,520.00,555.00,555.00,510.00,1182300,618872000
2026-08-03,SKLT,RG,204.00,200.00,202.00,202.00,193.00,151000,29781600
2026-08-03,SKRN,RG,410.00,404.00,410.00,422.00,396.00,191100,77966800
2026-08-03,SKYB,RG,51.00,51.00,0.00,0.00,0.00,0,0
2026-08-03,SLIS,RG,63.00,63.00,63.00,64.00,62.00,7479700,470791900
2026-08-03,SMAR,RG,5875.00,5875.00,5875.00,6000.00,5800.00,286900,1687637500
2026-08-03,SMBR,RG,163.00,162.00,163.00,166.00,161.00,936400,152021000
2026-08-03,SMCB,RG,775.00,775.00,0.00,0.00,0.00,0,0
2026-08-03,SMDM,RG,555.00,565.00,560.00,570.00,555.00,19600,10987500
2026-08-03,SMDR,RG,300.00,300.00,304.00,306.00,298.00,18966000,5709619400
2026-08-03,SMGA,RG,71.00,71.00,72.00,72.00,69.00,3968700,279284000
2026-08-03,SMGR,RG,1460.00,1480.00,1460.00,1495.00,1445.00,9211300,13546810000
2026-08-03,SMIL,RG,400.00,398.00,396.00,404.00,390.00,27330000,10867329600
2026-08-03,SMKL,RG,141.00,144.00,148.00,148.00,142.00,231700,33444400
2026-08-03,SMKM,RG,69.00,69.00,70.00,70.00,68.00,1653000,114038800
2026-08-03,SMLE,RG,157.00,160.00,160.00,164.00,157.00,10640700,1728258000
2026-08-03,SMMA,RG,20175.00,20175.00,0.00,0.00,0.00,0,0
2026-08-03,SMMT,RG,1850.00,1835.00,1875.00,1970.00,1820.00,65000,121749000
2026-08-03,SMRA,RG,326.00,316.00,322.00,324.00,314.00,16289500,5152296800
2026-08-03,SMRU,RG,50.00,50.00,0.00,0.00,0.00,0,0
2026-08-03,SMSM,RG,1790.00,1800.00,1795.00,1830.00,1775.00,3717500,6705673500
2026-08-03,SNLK,RG,220.00,228.00,220.00,228.00,218.00,15901900,3549354200
2026-08-03,SOCI,RG,436.00,426.00,436.00,440.00,422.00,13012800,5615111400
2026-08-03,SOFA,RG,214.00,226.00,214.00,234.00,214.00,4787000,1098959400
2026-08-03,SOHO,RG,1200.00,1190.00,1230.00,1230.00,1190.00,31100,37330000
2026-08-03,SOLA,RG,96.00,92.00,96.00,97.00,89.00,19424200,1795368100
2026-08-03,SONA,RG,2340.00,2230.00,2300.00,2300.00,2220.00,2100,4723000
2026-08-03,SOSS,RG,870.00,870.00,0.00,0.00,0.00,0,0
2026-08-03,SOTS,RG,580.00,580.00,590.00,600.00,580.00,132700,77645000
2026-08-03,SOUL,RG,37.00,37.00,0.00,0.00,0.00,0,0
2026-08-03,SPMA,RG,163.00,162.00,163.00,164.00,161.00,378400,61586400
2026-08-03,SPRE,RG,93.00,93.00,93.00,95.00,88.00,2063300,187963500
2026-08-03,SPTO,RG,605.00,605.00,605.00,610.00,595.00,638900,384209500
2026-08-03,SQMI,RG,67.00,65.00,69.00,69.00,65.00,13409500,888119800
2026-08-03,SRAJ,RG,12050.00,12500.00,12100.00,12500.00,11200.00,13300,160067500
2026-08-03,SRIL,RG,146.00,146.00,0.00,0.00,0.00,0,0
2026-08-03,SRSN,RG,71.00,70.00,71.00,72.00,69.00,44471200,3106140400
2026-08-03,SRTG,RG,1785.00,1750.00,1785.00,1785.00,1745.00,2522300,4447743000
2026-08-03,SSIA,RG,1650.00,1650.00,1665.00,1695.00,1650.00,12636800,21072123500
2026-08-03,SSMS,RG,1000.00,995.00,1005.00,1005.00,975.00,10447000,10354815500
2026-08-03,SSTM,RG,412.00,410.00,412.00,414.00,398.00,96000,39186400
2026-08-03,STAA,RG,1080.00,1115.00,1080.00,1115.00,1075.00,6344100,6944157500
2026-08-03,STAR,RG,268.00,278.00,268.00,278.00,268.00,41200,11256200
2026-08-03,STRK,RG,63.00,63.00,64.00,67.00,63.00,11535600,740011000
2026-08-03,STTP,RG,9750.00,9625.00,9750.00,9750.00,9625.00,300,2912500
2026-08-03,SUGI,RG,50.00,50.00,0.00,0.00,0.00,0,0
2026-08-03,SULI,RG,89.00,88.00,89.00,92.00,86.00,6723000,597147500
2026-08-03,SUNI,RG,730.00,720.00,730.00,730.00,705.00,283800,204551000
2026-08-03,SUPA,RG,605.00,600.00,615.00,620.00,595.00,10101400,6071948000
2026-08-03,SUPR,RG,43850.00,43850.00,0.00,0.00,0.00,0,0
2026-08-03,SURE,RG,2770.00,2760.00,2620.00,2760.00,2620.00,3400,9253000
2026-08-03,SWAT,RG,16.00,16.00,0.00,0.00,0.00,0,0
2026-08-03,SWID,RG,103.00,104.00,102.00,104.00,99.00,4767400,486052300
2026-08-03,TALF,RG,710.00,790.00,845.00,860.00,730.00,2130800,1716457000
2026-08-03,TAMA,RG,254.00,240.00,250.00,258.00,234.00,28732000,7037037800
2026-08-03,TAMU,RG,21.00,20.00,21.00,21.00,20.00,3328600,68898600
2026-08-03,TAPG,RG,1750.00,1840.00,1750.00,1845.00,1705.00,17417400,31486228500
2026-08-03,TARA,RG,30.00,30.00,30.00,30.00,30.00,673100,20193000
2026-08-03,TAXI,RG,14.00,15.00,15.00,15.00,15.00,56948700,854230500
2026-08-03,TAYS,RG,50.00,50.00,0.00,0.00,0.00,0,0
2026-08-03,TBIG,RG,1445.00,1445.00,1445.00,1445.00,1405.00,302400,433451500
2026-08-03,TBLA,RG,620.00,620.00,620.00,625.00,600.00,3302000,2024156000
2026-08-03,TBMS,RG,1170.00,1155.00,1185.00,1185.00,1150.00,18700,21843500
2026-08-03,TCID,RG,2720.00,2770.00,2760.00,2770.00,2730.00,3500,9562000
2026-08-03,TCPI,RG,5050.00,4410.00,5100.00,5100.00,4310.00,3084700,14303276000
2026-08-03,TDPM,RG,119.00,119.00,0.00,0.00,0.00,0,0
2026-08-03,TEBE,RG,1095.00,1070.00,1095.00,1120.00,1060.00,614200,664426000
2026-08-03,TECH,RG,50.00,50.00,0.00,0.00,0.00,0,0
2026-08-03,TELE,RG,9.00,9.00,0.00,0.00,0.00,0,0
2026-08-03,TFAS,RG,193.00,188.00,194.00,197.00,182.00,976100,182289200
2026-08-03,TFCO,RG,720.00,770.00,770.00,770.00,770.00,100,77000
2026-08-03,TGKA,RG,4910.00,4950.00,4800.00,4950.00,4800.00,300,1465000
2026-08-03,TGRA,RG,27.00,27.00,0.00,0.00,0.00,0,0
2026-08-03,TGUK,RG,137.00,137.00,0.00,0.00,0.00,0,0
2026-08-03,TIFA,RG,342.00,360.00,344.00,400.00,344.00,815100,302531800
2026-08-03,TINS,RG,3800.00,3750.00,3830.00,3870.00,3710.00,51389000,193949182000
2026-08-03,TIRA,RG,496.00,494.00,496.00,500.00,486.00,155600,76122200
2026-08-03,TIRT,RG,590.00,590.00,0.00,0.00,0.00,0,0
2026-08-03,TKIM,RG,6500.00,7150.00,6850.00,7200.00,6775.00,11359800,79776892500
2026-08-03,TLDN,RG,520.00,540.00,525.00,545.00,520.00,2547600,1357568000
2026-08-03,TLKM,RG,2630.00,2740.00,2600.00,2740.00,2600.00,112278700,302036595000
2026-08-03,TMAS,RG,121.00,121.00,121.00,122.00,120.00,1975100,238912400
2026-08-03,TMPO,RG,113.00,152.00,115.00,152.00,112.00,128754600,17894230400
2026-08-03,TNCA,RG,167.00,164.00,167.00,169.00,163.00,948500,156746500
2026-08-03,TOBA,RG,466.00,452.00,468.00,468.00,450.00,4705600,2159895000
2026-08-03,TOOL,RG,65.00,64.00,65.00,65.00,63.00,8893900,569614500
2026-08-03,TOPS,RG,1.00,1.00,0.00,0.00,0.00,0,0
2026-08-03,TOTL,RG,1140.00,1145.00,1140.00,1155.00,1125.00,2611700,2980158000
2026-08-03,TOTO,RG,242.00,234.00,240.00,242.00,230.00,3979700,929446600
2026-08-03,TOWR,RG,404.00,400.00,404.00,404.00,386.00,53863400,21364734600
2026-08-03,TOYS,RG,8.00,8.00,0.00,0.00,0.00,0,0
2026-08-03,TPIA,RG,2160.00,2080.00,2170.00,2200.00,2060.00,336732400,716676947000
2026-08-03,TPMA,RG,466.00,462.00,466.00,468.00,452.00,3902700,1788118800
2026-08-03,TRAM,RG,50.00,50.00,0.00,0.00,0.00,0,0
2026-08-03,TRGU,RG,163.00,163.00,163.00,167.00,161.00,128000,20730000
2026-08-03,TRIL,RG,50.00,50.00,0.00,0.00,0.00,0,0
2026-08-03,TRIM,RG,565.00,615.00,560.00,615.00,560.00,2689800,1620718500
2026-08-03,TRIN,RG,318.00,312.00,318.00,322.00,306.00,8682300,2719068400
2026-08-03,TRIO,RG,426.00,426.00,0.00,0.00,0.00,0,0
2026-08-03,TRIS,RG,169.00,167.00,168.00,175.00,167.00,1239200,210779300
2026-08-03,TRJA,RG,112.00,110.00,113.00,113.00,107.00,479900,52359600
2026-08-03,TRON,RG,109.00,109.00,111.00,111.00,107.00,9351500,1010939800
2026-08-03,TRST,RG,458.00,454.00,460.00,474.00,440.00,179800,80621400
2026-08-03,TRUE,RG,50.00,50.00,0.00,0.00,0.00,0,0
2026-08-03,TRUK,RG,432.00,540.00,442.00,540.00,442.00,3415300,1781578500
2026-08-03,TRUS,RG,412.00,412.00,414.00,420.00,402.00,135200,55517200
2026-08-03,TSPC,RG,2880.00,2850.00,2870.00,2870.00,2810.00,803800,2276818000
2026-08-03,TUGU,RG,1220.00,1220.00,1215.00,1225.00,1205.00,1182300,1437698000
2026-08-03,TYRE,RG,113.00,114.00,114.00,115.00,112.00,547600,61918500
2026-08-03,UANG,RG,2410.00,2380.00,2500.00,2500.00,2310.00,123800,292628000
2026-08-03,UCID,RG,414.00,414.00,412.00,418.00,406.00,3144300,1300902800
2026-08-03,UDNG,RG,1070.00,1090.00,1070.00,1175.00,1060.00,669900,740211500
2026-08-03,UFOE,RG,135.00,138.00,135.00,147.00,135.00,298700,41404700
2026-08-03,ULTJ,RG,1470.00,1490.00,1470.00,1525.00,1470.00,4014600,6014623500
2026-08-03,UNIC,RG,15300.00,15250.00,15300.00,16100.00,14250.00,31700,487890000
2026-08-03,UNIQ,RG,111.00,112.00,112.00,114.00,111.00,549400,61586300
2026-08-03,UNIT,RG,316.00,316.00,0.00,0.00,0.00,0,0
2026-08-03,UNSP,RG,206.00,206.00,0.00,0.00,0.00,0,0
2026-08-03,UNTR,RG,23950.00,23800.00,24900.00,24900.00,23700.00,4528600,108119055000
2026-08-03,UNVR,RG,1755.00,1740.00,1760.00,1765.00,1730.00,7946900,13909209500
2026-08-03,URBN,RG,206.00,208.00,206.00,210.00,206.00,587000,122612000
2026-08-03,UVCR,RG,147.00,147.00,147.00,150.00,143.00,21081300,3106018800
2026-08-03,VAST,RG,117.00,117.00,117.00,118.00,114.00,1369400,159735300
2026-08-03,VERN,RG,197.00,200.00,194.00,210.00,194.00,7323000,1497072100
2026-08-03,VICI,RG,570.00,590.00,575.00,595.00,565.00,534100,308322500
2026-08-03,VICO,RG,141.00,140.00,141.00,141.00,139.00,57100,7978900
2026-08-03,VINS,RG,139.00,141.00,139.00,145.00,137.00,88200,12257200
2026-08-03,VISI,RG,860.00,860.00,865.00,870.00,850.00,236400,204177500
2026-08-03,VIVA,RG,42.00,46.00,46.00,46.00,46.00,35034800,1611600800
2026-08-03,VKTR,RG,730.00,710.00,745.00,745.00,705.00,36324100,26186406500
2026-08-03,VOKS,RG,206.00,202.00,206.00,206.00,198.00,122900,24559400
2026-08-03,VRNA,RG,77.00,75.00,77.00,77.00,75.00,202000,15195700
2026-08-03,VTNY,RG,63.00,64.00,62.00,65.00,62.00,14970300,947143800
2026-08-03,WAPO,RG,121.00,122.00,123.00,123.00,120.00,442500,53414700
2026-08-03,WEGE,RG,50.00,50.00,50.00,50.00,50.00,229600,11480000
2026-08-03,WEHA,RG,105.00,105.00,105.00,109.00,103.00,9867200,1034338700
2026-08-03,WICO,RG,123.00,123.00,0.00,0.00,0.00,0,0
2026-08-03,WIFI,RG,2000.00,1960.00,2000.00,2030.00,1960.00,11777500,23405213500
2026-08-03,WIIM,RG,1705.00,1710.00,1710.00,1725.00,1680.00,785300,1335003000
2026-08-03,WIKA,RG,204.00,204.00,0.00,0.00,0.00,0,0
2026-08-03,WINE,RG,151.00,152.00,152.00,154.00,149.00,238100,35965500
2026-08-03,WINR,RG,20.00,21.00,21.00,21.00,21.00,18390100,386192100
2026-08-03,WINS,RG,510.00,505.00,510.00,520.00,500.00,2218100,1120423000
2026-08-03,WIRG,RG,57.00,58.00,57.00,62.00,57.00,182415100,10918824400
2026-08-03,WMPP,RG,23.00,25.00,24.00,25.00,24.00,48749800,1199047900
2026-08-03,WMUU,RG,53.00,53.00,53.00,55.00,52.00,167314200,8961266200
2026-08-03,WOMF,RG,262.00,262.00,266.00,266.00,252.00,369300,95150800
2026-08-03,WOOD,RG,236.00,236.00,236.00,240.00,230.00,1969400,465384200
2026-08-03,WOWS,RG,57.00,59.00,57.00,60.00,56.00,16988400,986338200
2026-08-03,WSBP,RG,14.00,14.00,0.00,0.00,0.00,0,0
2026-08-03,WSKT,RG,202.00,202.00,0.00,0.00,0.00,0,0
2026-08-03,WTON,RG,77.00,76.00,77.00,78.00,75.00,4964300,376500500
2026-08-03,YELO,RG,85.00,87.00,85.00,91.00,83.00,92271000,8110815200
2026-08-03,YOII,RG,84.00,84.00,85.00,87.00,81.00,3308800,274394900
2026-08-03,YPAS,RG,660.00,615.00,670.00,710.00,600.00,319100,207631500
2026-08-03,YULE,RG,3380.00,3390.00,3480.00,3480.00,3300.00,6700,22610000
2026-08-03,YUPI,RG,1310.00,1300.00,1310.00,1340.00,1300.00,60000,78788500
2026-08-03,ZATA,RG,66.00,68.00,66.00,81.00,64.00,1296495800,94971953800
2026-08-03,ZBRA,RG,50.00,50.00,0.00,0.00,0.00,0,0
2026-08-03,ZINC,RG,30.00,30.00,0.00,0.00,0.00,0,0
2026-08-03,ZONE,RG,765.00,715.00,765.00,765.00,700.00,185300,133917000
2026-08-03,ZYRX,RG,121.00,119.00,121.00,122.00,117.00,1777300,209991100
