Date,Stock Code,Board,Previous Price,Last Price,Open Price,High Price,Low Price,Volume,Value
2025-05-09,AADI,RG,7150.00,6975.00,7150.00,7150.00,6950.00,11195100,78813650000
2025-05-09,AALI,RG,5925.00,5850.00,5925.00,5950.00,5825.00,462900,2710300000
2025-05-09,ABBA,RG,42.00,38.00,41.00,41.00,38.00,9630500,373833900
2025-05-09,ABDA,RG,3400.00,3400.00,0.00,0.00,0.00,0,0
2025-05-09,ABMM,RG,3160.00,3080.00,3160.00,3170.00,3070.00,1466900,4545396000
2025-05-09,ACES,RG,525.00,525.00,525.00,535.00,520.00,31316100,16531328000
2025-05-09,ACRO,RG,65.00,63.00,65.00,65.00,63.00,2749500,174652100
2025-05-09,ACST,RG,92.00,92.00,92.00,93.00,92.00,1220300,112276200
2025-05-09,ADCP,RG,50.00,50.00,50.00,50.00,50.00,454900,22745000
2025-05-09,ADES,RG,10800.00,10600.00,10800.00,11000.00,10400.00,67400,720592500
2025-05-09,ADHI,RG,274.00,278.00,280.00,282.00,272.00,48278300,13392134200
2025-05-09,ADMF,RG,8775.00,8750.00,8900.00,8900.00,8725.00,53200,467542500
2025-05-09,ADMG,RG,118.00,118.00,120.00,120.00,115.00,39300,4595300
2025-05-09,ADMR,RG,900.00,900.00,895.00,910.00,895.00,15486500,13968565500
2025-05-09,ADRO,RG,1895.00,1855.00,1895.00,1895.00,1855.00,35964800,67089733000
2025-05-09,AGAR,RG,256.00,254.00,260.00,266.00,254.00,53700,14096800
2025-05-09,AGII,RG,1220.00,1210.00,1225.00,1225.00,1205.00,38500,46564500
2025-05-09,AGRO,RG,222.00,218.00,224.00,224.00,216.00,7950600,1746826000
2025-05-09,AGRS,RG,66.00,65.00,66.00,66.00,64.00,3597000,234067800
2025-05-09,AHAP,RG,75.00,73.00,76.00,77.00,73.00,2792600,208031800
2025-05-09,AIMS,RG,296.00,292.00,296.00,296.00,290.00,285000,83634800
2025-05-09,AISA,RG,143.00,138.00,143.00,144.00,138.00,5541700,773836700
2025-05-09,AKKU,RG,19.00,20.00,20.00,20.00,20.00,604100,12082000
2025-05-09,AKPI,RG,590.00,600.00,590.00,605.00,590.00,2700,1607000
2025-05-09,AKRA,RG,1240.00,1245.00,1255.00,1280.00,1235.00,13151300,16470041000
2025-05-09,AKSI,RG,188.00,189.00,188.00,192.00,186.00,231300,43519700
2025-05-09,ALDO,RG,496.00,486.00,492.00,498.00,486.00,276300,137037800
2025-05-09,ALKA,RG,312.00,312.00,312.00,314.00,312.00,6100,1904600
2025-05-09,ALMI,RG,74.00,74.00,0.00,0.00,0.00,0,0
2025-05-09,ALTO,RG,14.00,15.00,15.00,15.00,15.00,285800,4287000
2025-05-09,AMAG,RG,426.00,426.00,394.00,434.00,394.00,1434900,599513400
2025-05-09,AMAN,RG,100.00,99.00,100.00,101.00,98.00,2067300,206100900
2025-05-09,AMAR,RG,172.00,175.00,173.00,190.00,173.00,789800,139391900
2025-05-09,AMFG,RG,3590.00,3590.00,3580.00,3590.00,3530.00,1700,6086000
2025-05-09,AMIN,RG,140.00,140.00,140.00,140.00,138.00,66400,9247500
2025-05-09,AMMN,RG,7375.00,7275.00,7375.00,7450.00,7225.00,13209800,96970755000
2025-05-09,AMMS,RG,72.00,65.00,65.00,65.00,65.00,1194800,77662000
2025-05-09,AMOR,RG,545.00,555.00,560.00,560.00,545.00,3700,2048000
2025-05-09,AMRT,RG,2350.00,2360.00,2380.00,2380.00,2310.00,24178200,56787871000
2025-05-09,ANDI,RG,12.00,13.00,13.00,13.00,13.00,58706700,763187100
2025-05-09,ANJT,RG,1755.00,1750.00,1755.00,1760.00,1750.00,1498600,2627203500
2025-05-09,ANTM,RG,2610.00,2680.00,2600.00,2690.00,2590.00,218194600,578573279000
2025-05-09,APEX,RG,99.00,97.00,99.00,103.00,97.00,2145000,212792300
2025-05-09,APIC,RG,1155.00,1160.00,1155.00,1160.00,1140.00,4384500,5039659500
2025-05-09,APII,RG,170.00,170.00,170.00,170.00,170.00,6800,1156000
2025-05-09,APLI,RG,525.00,525.00,0.00,0.00,0.00,0,0
2025-05-09,APLN,RG,93.00,93.00,93.00,95.00,92.00,10835300,1006428900
2025-05-09,ARCI,RG,372.00,366.00,368.00,370.00,358.00,10543200,3849814400
2025-05-09,AREA,RG,448.00,492.00,410.00,492.00,410.00,819300,389450800
2025-05-09,ARGO,RG,630.00,600.00,600.00,605.00,600.00,1800,1081000
2025-05-09,ARII,RG,278.00,282.00,280.00,284.00,274.00,139800,39264800
2025-05-09,ARKA,RG,19.00,20.00,20.00,20.00,20.00,4701400,94028000
2025-05-09,ARKO,RG,910.00,900.00,910.00,910.00,900.00,76500,69326500
2025-05-09,ARMY,RG,50.00,50.00,0.00,0.00,0.00,0,0
2025-05-09,ARNA,RG,620.00,620.00,620.00,620.00,610.00,670000,412465500
2025-05-09,ARTA,RG,1955.00,1950.00,1945.00,1950.00,1930.00,60500,117231000
2025-05-09,ARTI,RG,2.00,2.00,0.00,0.00,0.00,0,0
2025-05-09,ARTO,RG,1880.00,1905.00,1920.00,1920.00,1880.00,6996900,13298105500
2025-05-09,ASBI,RG,422.00,418.00,416.00,422.00,412.00,10000,4178600
2025-05-09,ASDM,RG,494.00,494.00,496.00,500.00,494.00,36200,17974200
2025-05-09,ASGR,RG,845.00,850.00,850.00,850.00,840.00,838000,708325000
2025-05-09,ASHA,RG,12.00,12.00,11.00,12.00,11.00,3780500,42166100
2025-05-09,ASII,RG,4780.00,4780.00,4790.00,4830.00,4780.00,38964000,186940700000
2025-05-09,ASJT,RG,106.00,104.00,105.00,107.00,101.00,23600,2429600
2025-05-09,ASLC,RG,71.00,70.00,71.00,72.00,69.00,7400200,519461700
2025-05-09,ASLI,RG,50.00,50.00,50.00,50.00,50.00,591100,29555000
2025-05-09,ASMI,RG,14.00,15.00,14.00,15.00,14.00,4494100,63013400
2025-05-09,ASPI,RG,154.00,156.00,156.00,160.00,155.00,736500,115795000
2025-05-09,ASRI,RG,138.00,143.00,138.00,145.00,135.00,103737700,14677616900
2025-05-09,ASRM,RG,296.00,290.00,294.00,294.00,290.00,8100,2363400
2025-05-09,ASSA,RG,710.00,685.00,710.00,720.00,685.00,8150400,5712065500
2025-05-09,ATAP,RG,29.00,28.00,28.00,28.00,28.00,575400,16111200
2025-05-09,ATIC,RG,400.00,406.00,400.00,408.00,400.00,296700,119725400
2025-05-09,ATLA,RG,50.00,50.00,50.00,50.00,50.00,9722200,486110000
2025-05-09,AUTO,RG,2230.00,2070.00,2100.00,2100.00,2040.00,5896200,12188641000
2025-05-09,AVIA,RG,450.00,456.00,450.00,456.00,446.00,7685700,3479142000
2025-05-09,AWAN,RG,314.00,306.00,314.00,314.00,306.00,20823200,6477044000
2025-05-09,AXIO,RG,115.00,114.00,115.00,116.00,113.00,169400,19336700
2025-05-09,AYLS,RG,86.00,82.00,86.00,90.00,80.00,11679900,973688100
2025-05-09,BABP,RG,54.00,54.00,54.00,55.00,53.00,5466900,296931100
2025-05-09,BABY,RG,370.00,368.00,370.00,388.00,368.00,7208600,2696866800
2025-05-09,BACA,RG,131.00,131.00,130.00,131.00,130.00,659500,85936300
2025-05-09,BAIK,RG,69.00,67.00,65.00,69.00,65.00,3883100,258149300
2025-05-09,BAJA,RG,84.00,83.00,84.00,84.00,82.00,207600,17095300
2025-05-09,BALI,RG,1230.00,1185.00,1230.00,1230.00,1185.00,139700,166641500
2025-05-09,BANK,RG,835.00,810.00,835.00,835.00,800.00,6190700,5028669000
2025-05-09,BAPA,RG,50.00,50.00,51.00,51.00,50.00,1131900,56642500
2025-05-09,BAPI,RG,8.00,8.00,8.00,9.00,8.00,461100,3700300
2025-05-09,BATA,RG,50.00,50.00,50.00,50.00,50.00,14600,730000
2025-05-09,BATR,RG,69.00,75.00,68.00,86.00,64.00,130278300,10173513700
2025-05-09,BAUT,RG,18.00,19.00,19.00,19.00,19.00,2961100,56260900
2025-05-09,BAYU,RG,1385.00,1365.00,1375.00,1400.00,1345.00,89700,122766500
2025-05-09,BBCA,RG,8975.00,9000.00,9050.00,9050.00,8975.00,47167500,425029637500
2025-05-09,BBHI,RG,745.00,745.00,750.00,760.00,745.00,158900,119002500
2025-05-09,BBKP,RG,68.00,67.00,68.00,71.00,67.00,234104300,16013222900
2025-05-09,BBLD,RG,670.00,645.00,670.00,670.00,645.00,21900,14353500
2025-05-09,BBMD,RG,2140.00,2180.00,2140.00,2180.00,2040.00,2300,4916000
2025-05-09,BBNI,RG,4120.00,4100.00,4120.00,4140.00,4060.00,37787800,154833248000
2025-05-09,BBRI,RG,3790.00,3840.00,3810.00,3840.00,3760.00,147638100,561981728000
2025-05-09,BBRM,RG,76.00,74.00,76.00,76.00,74.00,66400,4981000
2025-05-09,BBSI,RG,4020.00,4010.00,3980.00,4010.00,3980.00,200600,804380000
2025-05-09,BBSS,RG,193.00,200.00,196.00,206.00,194.00,1706300,333436700
2025-05-09,BBTN,RG,1160.00,1150.00,1165.00,1175.00,1130.00,28497400,32744191500
2025-05-09,BBYB,RG,280.00,260.00,274.00,280.00,260.00,50322900,13577109400
2025-05-09,BCAP,RG,78.00,78.00,78.00,81.00,77.00,307423500,24238998200
2025-05-09,BCIC,RG,170.00,170.00,0.00,0.00,0.00,0,0
2025-05-09,BCIP,RG,50.00,51.00,50.00,52.00,50.00,5346100,273226600
2025-05-09,BDKR,RG,126.00,126.00,126.00,128.00,123.00,12440800,1559998100
2025-05-09,BDMN,RG,2380.00,2400.00,2390.00,2400.00,2380.00,248600,595111000
2025-05-09,BEBS,RG,5.00,5.00,0.00,0.00,0.00,0,0
2025-05-09,BEEF,RG,252.00,252.00,252.00,254.00,248.00,9657200,2423551600
2025-05-09,BEER,RG,81.00,72.00,82.00,82.00,70.00,18132700,1340727100
2025-05-09,BEKS,RG,26.00,25.00,26.00,26.00,25.00,11331900,286735200
2025-05-09,BELI,RG,410.00,412.00,410.00,412.00,408.00,264500,108495000
2025-05-09,BELL,RG,55.00,54.00,55.00,56.00,54.00,1181600,64289200
2025-05-09,BESS,RG,1255.00,1475.00,1255.00,1500.00,1230.00,1070100,1496116500
2025-05-09,BEST,RG,92.00,91.00,92.00,93.00,91.00,2106200,192334000
2025-05-09,BFIN,RG,860.00,845.00,870.00,870.00,840.00,3791300,3220298000
2025-05-09,BGTG,RG,83.00,83.00,82.00,84.00,82.00,1544400,128817800
2025-05-09,BHAT,RG,595.00,615.00,590.00,615.00,590.00,1738100,1051360500
2025-05-09,BHIT,RG,29.00,27.00,28.00,28.00,27.00,13247000,360050400
2025-05-09,BIKA,RG,55.00,55.00,0.00,0.00,0.00,0,0
2025-05-09,BIKE,RG,585.00,565.00,580.00,585.00,560.00,1035800,595312500
2025-05-09,BIMA,RG,42.00,42.00,42.00,42.00,42.00,53700,2255400
2025-05-09,BINA,RG,4350.00,4330.00,4290.00,4350.00,4250.00,71400,306078000
2025-05-09,BINO,RG,117.00,114.00,115.00,118.00,110.00,1507200,170588600
2025-05-09,BIPI,RG,83.00,80.00,83.00,83.00,80.00,207793000,16882863800
2025-05-09,BIPP,RG,39.00,37.00,37.00,37.00,37.00,20200,747400
2025-05-09,BIRD,RG,1790.00,1785.00,1790.00,1800.00,1765.00,2725300,4867849000
2025-05-09,BISI,RG,950.00,940.00,950.00,955.00,930.00,250000,235283500
2025-05-09,BJBR,RG,845.00,835.00,850.00,850.00,835.00,5452800,4588151500
2025-05-09,BJTM,RG,515.00,515.00,515.00,520.00,510.00,11013800,5661517000
2025-05-09,BKDP,RG,27.00,29.00,27.00,29.00,27.00,1137300,32572000
2025-05-09,BKSL,RG,102.00,108.00,102.00,108.00,101.00,229978700,24254148400
2025-05-09,BKSW,RG,59.00,60.00,60.00,62.00,58.00,1286900,76889300
2025-05-09,BLES,RG,184.00,181.00,184.00,184.00,180.00,4644600,844130700
2025-05-09,BLTA,RG,20.00,21.00,20.00,21.00,20.00,1588700,31775100
2025-05-09,BLTZ,RG,1800.00,1800.00,0.00,0.00,0.00,0,0
2025-05-09,BLUE,RG,328.00,324.00,332.00,332.00,320.00,15300,4987600
2025-05-09,BMAS,RG,484.00,484.00,484.00,484.00,484.00,14000,6776000
2025-05-09,BMBL,RG,16.00,16.00,16.00,17.00,15.00,5034700,80243500
2025-05-09,BMHS,RG,244.00,242.00,240.00,244.00,236.00,76300,18224000
2025-05-09,BMRI,RG,4790.00,4770.00,4790.00,4830.00,4750.00,164014200,783872992000
2025-05-09,BMSR,RG,250.00,248.00,252.00,252.00,248.00,15400,3836800
2025-05-09,BMTR,RG,143.00,140.00,143.00,145.00,139.00,67150100,9460561500
2025-05-09,BNBA,RG,790.00,805.00,800.00,820.00,785.00,1012900,811383000
2025-05-09,BNBR,RG,32.00,32.00,33.00,33.00,32.00,596000,19638800
2025-05-09,BNGA,RG,1715.00,1710.00,1720.00,1725.00,1700.00,5611100,9599954000
2025-05-09,BNII,RG,204.00,202.00,202.00,204.00,200.00,548600,110677600
2025-05-09,BNLI,RG,2340.00,2400.00,2350.00,2400.00,2290.00,544900,1292516000
2025-05-09,BOAT,RG,110.00,110.00,110.00,118.00,108.00,26813000,3058828700
2025-05-09,BOBA,RG,159.00,157.00,158.00,159.00,157.00,4400,695200
2025-05-09,BOGA,RG,565.00,565.00,565.00,575.00,560.00,782400,445817500
2025-05-09,BOLA,RG,95.00,94.00,96.00,96.00,93.00,266700,25077700
2025-05-09,BOLT,RG,1150.00,1155.00,1150.00,1160.00,1145.00,474400,547598500
2025-05-09,BOSS,RG,50.00,50.00,0.00,0.00,0.00,0,0
2025-05-09,BPFI,RG,396.00,380.00,390.00,410.00,368.00,149300,56480400
2025-05-09,BPII,RG,555.00,555.00,555.00,555.00,555.00,235500,130702500
2025-05-09,BPTR,RG,74.00,75.00,74.00,75.00,72.00,457300,33943600
2025-05-09,BRAM,RG,5950.00,5800.00,5950.00,5950.00,5800.00,2600,15150000
2025-05-09,BREN,RG,5950.00,6000.00,6000.00,6150.00,5900.00,9024500,54002425000
2025-05-09,BRIS,RG,2730.00,2780.00,2780.00,2820.00,2720.00,49124200,136163995000
2025-05-09,BRMS,RG,384.00,378.00,382.00,386.00,378.00,177170300,67501158800
2025-05-09,BRNA,RG,685.00,700.00,695.00,700.00,695.00,200,139500
2025-05-09,BRPT,RG,820.00,820.00,825.00,850.00,815.00,60869600,50756521500
2025-05-09,BSBK,RG,50.00,51.00,50.00,51.00,50.00,9620600,482001900
2025-05-09,BSDE,RG,790.00,790.00,795.00,810.00,790.00,30515100,24409393000
2025-05-09,BSIM,RG,880.00,890.00,880.00,890.00,880.00,1100,972000
2025-05-09,BSML,RG,71.00,70.00,71.00,72.00,70.00,19527100,1379247900
2025-05-09,BSSR,RG,4140.00,4170.00,4140.00,4170.00,4130.00,259700,1078681000
2025-05-09,BSWD,RG,1945.00,1905.00,1905.00,1905.00,1905.00,100,190500
2025-05-09,BTEK,RG,6.00,5.00,6.00,6.00,5.00,83420300,458831600
2025-05-09,BTEL,RG,50.00,50.00,0.00,0.00,0.00,0,0
2025-05-09,BTON,RG,430.00,430.00,416.00,430.00,414.00,7700,3222200
2025-05-09,BTPN,RG,2150.00,2210.00,2150.00,2230.00,2150.00,95600,210507000
2025-05-09,BTPS,RG,1240.00,1255.00,1250.00,1280.00,1180.00,16597400,20516283000
2025-05-09,BUAH,RG,1785.00,1785.00,1785.00,1785.00,1765.00,60300,107086500
2025-05-09,BUDI,RG,212.00,210.00,212.00,214.00,210.00,191000,40375600
2025-05-09,BUKA,RG,146.00,145.00,147.00,147.00,144.00,116667100,16927503500
2025-05-09,BUKK,RG,850.00,845.00,850.00,850.00,840.00,4400,3715000
2025-05-09,BULL,RG,116.00,117.00,117.00,120.00,116.00,194008300,22904107300
2025-05-09,BUMI,RG,112.00,110.00,113.00,114.00,108.00,639593200,71097907700
2025-05-09,BUVA,RG,67.00,65.00,67.00,67.00,65.00,4369800,286789400
2025-05-09,BVIC,RG,83.00,82.00,83.00,85.00,82.00,2260800,188834100
2025-05-09,BWPT,RG,60.00,60.00,59.00,61.00,59.00,13636100,816816500
2025-05-09,BYAN,RG,20225.00,20200.00,20200.00,20225.00,20100.00,49700,1002057500
2025-05-09,CAKK,RG,138.00,141.00,138.00,141.00,138.00,19200,2685700
2025-05-09,CAMP,RG,187.00,188.00,188.00,193.00,187.00,3952500,748234900
2025-05-09,CANI,RG,35.00,35.00,38.00,38.00,35.00,19800,696900
2025-05-09,CARE,RG,220.00,220.00,222.00,232.00,220.00,20262300,4556376200
2025-05-09,CARS,RG,90.00,89.00,90.00,90.00,88.00,7116600,632462600
2025-05-09,CASA,RG,865.00,890.00,865.00,900.00,860.00,8253900,7294341500
2025-05-09,CASH,RG,62.00,58.00,62.00,64.00,58.00,60500,3628100
2025-05-09,CASS,RG,1950.00,1950.00,1950.00,1995.00,1940.00,247100,481351000
2025-05-09,CBDK,RG,6925.00,6825.00,6950.00,7025.00,6800.00,3817800,26258795000
2025-05-09,CBMF,RG,50.00,50.00,0.00,0.00,0.00,0,0
2025-05-09,CBPE,RG,187.00,189.00,187.00,189.00,183.00,58300,10936700
2025-05-09,CBRE,RG,28.00,28.00,28.00,28.00,28.00,676300,18936400
2025-05-09,CBUT,RG,1055.00,1070.00,1070.00,1080.00,1030.00,11900,12603500
2025-05-09,CCSI,RG,376.00,356.00,376.00,376.00,354.00,274300,99991400
2025-05-09,CEKA,RG,2550.00,2550.00,2550.00,2560.00,2400.00,71100,178884000
2025-05-09,CENT,RG,112.00,110.00,112.00,114.00,109.00,7889800,876198700
2025-05-09,CFIN,RG,330.00,320.00,330.00,334.00,320.00,5050300,1632069000
2025-05-09,CGAS,RG,96.00,96.00,96.00,99.00,95.00,7527800,729380900
2025-05-09,CHEM,RG,54.00,54.00,55.00,55.00,53.00,4873900,261751100
2025-05-09,CHIP,RG,1420.00,1405.00,1415.00,1425.00,1390.00,75400,105990500
2025-05-09,CINT,RG,181.00,181.00,181.00,181.00,176.00,51600,9194100
2025-05-09,CITA,RG,4000.00,4080.00,3990.00,4150.00,3980.00,48800,197620000
2025-05-09,CITY,RG,95.00,95.00,95.00,96.00,93.00,1234000,115692100
2025-05-09,CLAY,RG,865.00,870.00,870.00,880.00,865.00,99300,86430000
2025-05-09,CLEO,RG,1280.00,1290.00,1290.00,1340.00,1265.00,8126300,10556168000
2025-05-09,CLPI,RG,1180.00,1190.00,1185.00,1200.00,1180.00,175300,208817500
2025-05-09,CMNP,RG,1460.00,1405.00,1460.00,1470.00,1395.00,1358500,1928319500
2025-05-09,CMNT,RG,850.00,850.00,850.00,850.00,835.00,18021100,15088730000
2025-05-09,CMPP,RG,80.00,80.00,80.00,80.00,80.00,9100,728000
2025-05-09,CMRY,RG,4430.00,4400.00,4430.00,4430.00,4360.00,622800,2725546000
2025-05-09,CNKO,RG,36.00,36.00,36.00,36.00,36.00,7549300,271774800
2025-05-09,CNMA,RG,159.00,157.00,159.00,164.00,156.00,23033100,3656266800
2025-05-09,CNTB,RG,250.00,250.00,0.00,0.00,0.00,0,0
2025-05-09,CNTX,RG,142.00,142.00,0.00,0.00,0.00,0,0
2025-05-09,COAL,RG,40.00,41.00,40.00,41.00,40.00,6884200,280723100
2025-05-09,COCO,RG,74.00,70.00,73.00,73.00,69.00,1874600,131477400
2025-05-09,COWL,RG,50.00,50.00,0.00,0.00,0.00,0,0
2025-05-09,CPIN,RG,4850.00,4800.00,4860.00,4890.00,4770.00,3437900,16540364000
2025-05-09,CPRI,RG,50.00,50.00,0.00,0.00,0.00,0,0
2025-05-09,CPRO,RG,52.00,51.00,52.00,53.00,51.00,24392100,1262062400
2025-05-09,CRAB,RG,250.00,246.00,250.00,250.00,246.00,1159300,286678400
2025-05-09,CRSN,RG,120.00,121.00,125.00,145.00,114.00,24710200,3246601500
2025-05-09,CSAP,RG,316.00,316.00,316.00,318.00,314.00,16200,5118000
2025-05-09,CSIS,RG,75.00,77.00,74.00,78.00,73.00,24800,1883200
2025-05-09,CSMI,RG,2230.00,2230.00,2230.00,2230.00,2230.00,42300,94329000
2025-05-09,CSRA,RG,680.00,650.00,680.00,680.00,650.00,466500,312281500
2025-05-09,CTBN,RG,4850.00,5300.00,5175.00,5300.00,5175.00,2400,12670000
2025-05-09,CTRA,RG,960.00,965.00,970.00,975.00,960.00,13729000,13252272000
2025-05-09,CTTH,RG,25.00,23.00,23.00,23.00,23.00,27900,641700
2025-05-09,CUAN,RG,8525.00,8775.00,8625.00,8975.00,8625.00,8762800,76957555000
2025-05-09,CYBR,RG,1020.00,1035.00,1025.00,1055.00,1015.00,30472100,31418761000
2025-05-09,DAAZ,RG,4200.00,4140.00,4200.00,4280.00,4100.00,1285700,5369958000
2025-05-09,DADA,RG,7.00,8.00,7.00,8.00,7.00,17752000,141625900
2025-05-09,DART,RG,138.00,140.00,140.00,140.00,140.00,1000,140000
2025-05-09,DATA,RG,1370.00,1350.00,1370.00,1405.00,1330.00,5598800,7647099000
2025-05-09,DAYA,RG,1240.00,1275.00,1255.00,1280.00,1240.00,55300,69597000
2025-05-09,DCII,RG,159225.00,158400.00,159200.00,159200.00,158250.00,1900,301205000
2025-05-09,DEAL,RG,6.00,6.00,0.00,0.00,0.00,0,0
2025-05-09,DEFI,RG,1455.00,1455.00,0.00,0.00,0.00,0,0
2025-05-09,DEPO,RG,230.00,230.00,230.00,230.00,228.00,7300,1674200
2025-05-09,DEWA,RG,147.00,151.00,148.00,156.00,144.00,724671900,109653835400
2025-05-09,DEWI,RG,92.00,92.00,92.00,93.00,90.00,20084400,1844419900
2025-05-09,DFAM,RG,51.00,50.00,51.00,51.00,50.00,951200,47781800
2025-05-09,DGIK,RG,69.00,70.00,69.00,71.00,69.00,2133600,149416600
2025-05-09,DGNS,RG,163.00,163.00,163.00,166.00,162.00,321700,52626800
2025-05-09,DGWG,RG,438.00,420.00,438.00,442.00,412.00,10487000,4529726200
2025-05-09,DIGI,RG,17.00,17.00,17.00,17.00,17.00,261100,4438700
2025-05-09,DILD,RG,149.00,146.00,151.00,151.00,145.00,15529900,2269778300
2025-05-09,DIVA,RG,101.00,100.00,101.00,103.00,98.00,890200,88254700
2025-05-09,DKFT,RG,344.00,374.00,344.00,374.00,338.00,153526200,55165944400
2025-05-09,DKHH,RG,178.00,152.00,240.00,240.00,152.00,398004800,73297253600
2025-05-09,DLTA,RG,2180.00,2180.00,2180.00,2200.00,2170.00,91800,201139000
2025-05-09,DMAS,RG,150.00,138.00,146.00,147.00,138.00,427909000,61178441900
2025-05-09,DMMX,RG,398.00,398.00,398.00,400.00,394.00,3312800,1310761000
2025-05-09,DMND,RG,755.00,795.00,795.00,795.00,795.00,100,79500
2025-05-09,DNAR,RG,115.00,112.00,115.00,115.00,111.00,3506100,397054800
2025-05-09,DNET,RG,10100.00,10300.00,10125.00,10500.00,10000.00,15400,156412500
2025-05-09,DOID,RG,488.00,488.00,488.00,498.00,486.00,7400800,3629357400
2025-05-09,DOOH,RG,117.00,114.00,118.00,120.00,113.00,86836200,10119501900
2025-05-09,DOSS,RG,151.00,163.00,151.00,176.00,150.00,27090300,4544787400
2025-05-09,DPNS,RG,252.00,248.00,252.00,254.00,240.00,210700,51394600
2025-05-09,DPUM,RG,50.00,50.00,50.00,50.00,50.00,550700,27535000
2025-05-09,DRMA,RG,980.00,980.00,985.00,990.00,965.00,160700,156629500
2025-05-09,DSFI,RG,56.00,56.00,56.00,57.00,55.00,2446400,137369200
2025-05-09,DSNG,RG,770.00,775.00,770.00,775.00,765.00,16183500,12455550000
2025-05-09,DSSA,RG,48250.00,49325.00,48800.00,51500.00,48800.00,4372300,219372840000
2025-05-09,DUCK,RG,176.00,176.00,0.00,0.00,0.00,0,0
2025-05-09,DUTI,RG,3420.00,3420.00,3420.00,3420.00,3420.00,700,2394000
2025-05-09,DVLA,RG,1655.00,1650.00,1670.00,1670.00,1650.00,8200,13577500
2025-05-09,DWGL,RG,260.00,252.00,260.00,262.00,250.00,456800,115849600
2025-05-09,DYAN,RG,87.00,85.00,86.00,87.00,85.00,245200,20887400
2025-05-09,EAST,RG,100.00,100.00,101.00,102.00,100.00,7051800,712144500
2025-05-09,ECII,RG,197.00,194.00,198.00,200.00,193.00,1501300,294799800
2025-05-09,EDGE,RG,3960.00,3950.00,3920.00,3960.00,3890.00,24500,96402000
2025-05-09,EKAD,RG,190.00,192.00,190.00,193.00,189.00,329300,62741300
2025-05-09,ELIT,RG,188.00,187.00,187.00,191.00,185.00,9186400,1722441300
2025-05-09,ELPI,RG,350.00,354.00,354.00,360.00,350.00,104200,36848600
2025-05-09,ELSA,RG,478.00,466.00,478.00,486.00,462.00,51369000,24489164200
2025-05-09,ELTY,RG,10.00,10.00,10.00,10.00,10.00,49035200,490352000
2025-05-09,EMDE,RG,97.00,96.00,97.00,98.00,95.00,237900,22806600
2025-05-09,EMTK,RG,575.00,585.00,590.00,595.00,570.00,26446800,15345755000
2025-05-09,ENAK,RG,740.00,740.00,735.00,740.00,700.00,635400,462242500
2025-05-09,ENRG,RG,198.00,198.00,200.00,206.00,198.00,22407000,4505631200
2025-05-09,ENVY,RG,50.00,50.00,0.00,0.00,0.00,0,0
2025-05-09,ENZO,RG,33.00,33.00,33.00,33.00,33.00,282900,9335700
2025-05-09,EPAC,RG,10.00,10.00,10.00,10.00,10.00,546100,5461000
2025-05-09,EPMT,RG,2340.00,2340.00,2340.00,2360.00,2340.00,4500,10579000
2025-05-09,ERAA,RG,482.00,535.00,498.00,565.00,494.00,307757700,165394343100
2025-05-09,ERAL,RG,282.00,278.00,278.00,312.00,276.00,26437700,7718100400
2025-05-09,ERTX,RG,91.00,90.00,91.00,93.00,90.00,340700,30899200
2025-05-09,ESIP,RG,37.00,40.00,40.00,40.00,40.00,2485700,99428000
2025-05-09,ESSA,RG,610.00,560.00,610.00,625.00,540.00,46247800,26657353000
2025-05-09,ESTA,RG,64.00,69.00,64.00,69.00,64.00,87400,5768600
2025-05-09,ESTI,RG,37.00,37.00,37.00,37.00,37.00,2200,81400
2025-05-09,ETWA,RG,70.00,70.00,0.00,0.00,0.00,0,0
2025-05-09,EURO,RG,171.00,171.00,172.00,178.00,168.00,24389300,4175477500
2025-05-09,EXCL,RG,2130.00,2160.00,2140.00,2190.00,2120.00,14798300,32087954000
2025-05-09,FAPA,RG,5350.00,5350.00,5350.00,5350.00,5350.00,4100,21935000
2025-05-09,FAST,RG,175.00,175.00,175.00,177.00,172.00,110100,19208700
2025-05-09,FASW,RG,5450.00,5450.00,0.00,0.00,0.00,0,0
2025-05-09,FILM,RG,2870.00,2720.00,2900.00,2900.00,2720.00,3511300,9880937000
2025-05-09,FIMP,RG,96.00,96.00,0.00,0.00,0.00,0,0
2025-05-09,FIRE,RG,74.00,73.00,74.00,75.00,73.00,1666700,123287200
2025-05-09,FISH,RG,10350.00,10350.00,0.00,0.00,0.00,0,0
2025-05-09,FITT,RG,149.00,156.00,149.00,192.00,143.00,8022100,1338768800
2025-05-09,FLMC,RG,41.00,45.00,45.00,45.00,45.00,893500,40207500
2025-05-09,FMII,RG,424.00,428.00,430.00,448.00,400.00,639000,268756600
2025-05-09,FOLK,RG,50.00,50.00,51.00,51.00,50.00,2286700,114580200
2025-05-09,FOOD,RG,107.00,107.00,110.00,110.00,107.00,6900,738900
2025-05-09,FORE,RG,362.00,360.00,364.00,368.00,360.00,8176700,2964122600
2025-05-09,FORU,RG,1725.00,1640.00,1700.00,1725.00,1630.00,334000,556495500
2025-05-09,FORZ,RG,50.00,50.00,0.00,0.00,0.00,0,0
2025-05-09,FPNI,RG,190.00,190.00,190.00,191.00,188.00,362200,68497400
2025-05-09,FUJI,RG,362.00,338.00,362.00,362.00,338.00,36600,12568400
2025-05-09,FUTR,RG,88.00,93.00,88.00,99.00,84.00,21445700,1989825900
2025-05-09,FWCT,RG,159.00,156.00,159.00,160.00,156.00,1225200,192737300
2025-05-09,GAMA,RG,18.00,18.00,0.00,0.00,0.00,0,0
2025-05-09,GDST,RG,82.00,80.00,81.00,81.00,80.00,38100,3078900
2025-05-09,GDYR,RG,1190.00,1190.00,1190.00,1195.00,1190.00,3700,4403500
2025-05-09,GEMA,RG,103.00,101.00,104.00,105.00,101.00,1029000,105727800
2025-05-09,GEMS,RG,9175.00,9100.00,9175.00,9225.00,9050.00,70700,645497500
2025-05-09,GGRM,RG,9675.00,9600.00,9675.00,9700.00,9600.00,225900,2176215000
2025-05-09,GGRP,RG,194.00,194.00,0.00,0.00,0.00,0,0
2025-05-09,GHON,RG,1550.00,1545.00,1540.00,1545.00,1540.00,5600,8634500
2025-05-09,GIAA,RG,37.00,36.00,37.00,37.00,36.00,48540900,1791699000
2025-05-09,GJTL,RG,1075.00,1065.00,1075.00,1085.00,1055.00,3268800,3488681500
2025-05-09,GLOB,RG,81.00,75.00,79.00,79.00,75.00,800,62800
2025-05-09,GLVA,RG,328.00,326.00,328.00,328.00,320.00,2700,873400
2025-05-09,GMFI,RG,46.00,46.00,46.00,46.00,46.00,1209600,55641600
2025-05-09,GMTD,RG,2900.00,2900.00,2900.00,2900.00,2850.00,1100,3154000
2025-05-09,GOLD,RG,256.00,252.00,256.00,256.00,248.00,36000,9066800
2025-05-09,GOLF,RG,232.00,236.00,234.00,242.00,232.00,8682600,2057598800
2025-05-09,GOLL,RG,50.00,50.00,0.00,0.00,0.00,0,0
2025-05-09,GOOD,RG,370.00,366.00,370.00,370.00,364.00,221600,81422400
2025-05-09,GOTO,RG,81.00,81.00,82.00,83.00,80.00,3082520800,251079945600
2025-05-09,GPRA,RG,110.00,112.00,110.00,113.00,108.00,116665100,12872794000
2025-05-09,GPSO,RG,388.00,372.00,390.00,390.00,370.00,435700,165310200
2025-05-09,GRIA,RG,91.00,89.00,91.00,91.00,89.00,47800,4297200
2025-05-09,GRPH,RG,50.00,50.00,50.00,52.00,50.00,19827000,993674700
2025-05-09,GRPM,RG,56.00,53.00,55.00,56.00,51.00,3192800,168533000
2025-05-09,GSMF,RG,54.00,55.00,53.00,55.00,53.00,21400,1176400
2025-05-09,GTBO,RG,135.00,134.00,135.00,135.00,129.00,142200,18906900
2025-05-09,GTRA,RG,118.00,136.00,118.00,146.00,118.00,17787000,2348693100
2025-05-09,GTSI,RG,45.00,43.00,45.00,45.00,43.00,2459800,110409600
2025-05-09,GULA,RG,308.00,304.00,308.00,310.00,298.00,303000,91496800
2025-05-09,GUNA,RG,300.00,310.00,302.00,310.00,300.00,778300,236994800
2025-05-09,GWSA,RG,124.00,124.00,124.00,124.00,122.00,80400,9889100
2025-05-09,GZCO,RG,96.00,95.00,96.00,97.00,95.00,3793200,363543900
2025-05-09,HADE,RG,7.00,8.00,8.00,8.00,8.00,29506600,236052800
2025-05-09,HAIS,RG,195.00,194.00,195.00,196.00,193.00,8002100,1555868900
2025-05-09,HAJJ,RG,264.00,280.00,264.00,284.00,240.00,40564100,10919318400
2025-05-09,HALO,RG,55.00,52.00,55.00,56.00,52.00,5609800,297462900
2025-05-09,HATM,RG,258.00,258.00,258.00,260.00,254.00,26077200,6705432200
2025-05-09,HBAT,RG,45.00,44.00,45.00,46.00,42.00,527200,23114200
2025-05-09,HDFA,RG,106.00,107.00,113.00,113.00,105.00,11900,1287900
2025-05-09,HDIT,RG,18.00,19.00,18.00,19.00,18.00,968700,17548700
2025-05-09,HDTX,RG,120.00,120.00,0.00,0.00,0.00,0,0
2025-05-09,HEAL,RG,1255.00,1340.00,1260.00,1340.00,1260.00,16557200,21646182000
2025-05-09,HELI,RG,288.00,254.00,288.00,288.00,254.00,849700,226073400
2025-05-09,HERO,RG,388.00,388.00,386.00,390.00,380.00,359900,139608000
2025-05-09,HEXA,RG,4700.00,4710.00,4700.00,4720.00,4690.00,148100,695878000
2025-05-09,HGII,RG,176.00,178.00,175.00,179.00,174.00,23599100,4172701700
2025-05-09,HILL,RG,296.00,296.00,296.00,298.00,294.00,69559800,20590107600
2025-05-09,HITS,RG,116.00,116.00,0.00,0.00,0.00,0,0
2025-05-09,HKMU,RG,50.00,50.00,0.00,0.00,0.00,0,0
2025-05-09,HMSP,RG,605.00,605.00,605.00,610.00,600.00,10298800,6210187500
2025-05-09,HOKI,RG,92.00,94.00,93.00,96.00,92.00,12433000,1166934100
2025-05-09,HOME,RG,50.00,50.00,0.00,0.00,0.00,0,0
2025-05-09,HOMI,RG,234.00,230.00,230.00,234.00,220.00,1079200,242665400
2025-05-09,HOPE,RG,42.00,41.00,43.00,43.00,41.00,74800,3142500
2025-05-09,HOTL,RG,50.00,50.00,0.00,0.00,0.00,0,0
2025-05-09,HRME,RG,27.00,27.00,27.00,27.00,27.00,142200,3839400
2025-05-09,HRTA,RG,680.00,670.00,665.00,675.00,650.00,25267300,16708770000
2025-05-09,HRUM,RG,805.00,805.00,805.00,825.00,790.00,14498000,11703131500
2025-05-09,HUMI,RG,60.00,56.00,61.00,62.00,56.00,134608000,7733885200
2025-05-09,HYGN,RG,132.00,129.00,131.00,132.00,127.00,714300,92069400
2025-05-09,IATA,RG,47.00,47.00,47.00,47.00,47.00,545600,25643200
2025-05-09,IBFN,RG,12.00,12.00,12.00,12.00,11.00,240500,2881400
2025-05-09,IBOS,RG,30.00,30.00,30.00,30.00,29.00,2975300,87104500
2025-05-09,IBST,RG,5525.00,5525.00,0.00,0.00,0.00,0,0
2025-05-09,ICBP,RG,11400.00,11200.00,11400.00,11400.00,11125.00,2031000,22784777500
2025-05-09,ICON,RG,36.00,36.00,36.00,36.00,36.00,15400,554400
2025-05-09,IDEA,RG,43.00,41.00,41.00,42.00,40.00,213600,8625200
2025-05-09,IDPR,RG,183.00,181.00,184.00,190.00,181.00,105300,19449700
2025-05-09,IFII,RG,244.00,244.00,244.00,246.00,238.00,376100,91621400
2025-05-09,IFSH,RG,820.00,810.00,810.00,820.00,795.00,1600,1292000
2025-05-09,IGAR,RG,540.00,535.00,530.00,540.00,520.00,115900,60726000
2025-05-09,IIKP,RG,50.00,50.00,0.00,0.00,0.00,0,0
2025-05-09,IKAI,RG,8.00,8.00,8.00,8.00,8.00,18811700,150493600
2025-05-09,IKAN,RG,99.00,90.00,108.00,108.00,90.00,12619300,1196176300
2025-05-09,IKBI,RG,370.00,364.00,370.00,370.00,364.00,8200,3011200
2025-05-09,IKPM,RG,238.00,240.00,230.00,240.00,230.00,2800,645000
2025-05-09,IMAS,RG,925.00,915.00,930.00,930.00,890.00,735800,667037000
2025-05-09,IMJS,RG,183.00,180.00,183.00,184.00,180.00,2278800,411975500
2025-05-09,IMPC,RG,326.00,326.00,326.00,326.00,312.00,19143700,6062919600
2025-05-09,INAF,RG,126.00,126.00,0.00,0.00,0.00,0,0
2025-05-09,INAI,RG,159.00,155.00,159.00,161.00,155.00,315900,49524000
2025-05-09,INAI,RG,159.00,155.00,159.00,161.00,155.00,315900,49524000
2025-05-09,INCF,RG,29.00,31.00,31.00,31.00,31.00,2090200,64796200
2025-05-09,INCI,RG,600.00,605.00,600.00,610.00,600.00,23300,14011500
2025-05-09,INCO,RG,2760.00,2860.00,2760.00,2880.00,2760.00,26095600,73866557000
2025-05-09,INDF,RG,7775.00,7975.00,7775.00,8000.00,7700.00,7224600,57232512500
2025-05-09,INDO,RG,172.00,180.00,173.00,180.00,167.00,13023200,2269912400
2025-05-09,INDR,RG,2300.00,2370.00,2410.00,2450.00,2350.00,12300,29584000
2025-05-09,INDS,RG,228.00,230.00,230.00,232.00,228.00,85800,19657800
2025-05-09,INDX,RG,71.00,70.00,71.00,72.00,69.00,1582300,111497200
2025-05-09,INDY,RG,1460.00,1415.00,1450.00,1475.00,1410.00,19692500,28315455500
2025-05-09,INET,RG,192.00,192.00,0.00,0.00,0.00,0,0
2025-05-09,INKP,RG,5650.00,5775.00,5700.00,5950.00,5700.00,6265700,36443292500
2025-05-09,INOV,RG,94.00,92.00,92.00,94.00,90.00,198800,18138900
2025-05-09,INPC,RG,188.00,182.00,191.00,196.00,181.00,27596200,5201271300
2025-05-09,INPP,RG,900.00,900.00,895.00,900.00,895.00,1100,986000
2025-05-09,INPS,RG,103.00,103.00,104.00,105.00,103.00,121800,12592200
2025-05-09,INRU,RG,404.00,394.00,404.00,406.00,382.00,28300,11144000
2025-05-09,INTA,RG,11.00,11.00,11.00,11.00,11.00,84500,929500
2025-05-09,INTD,RG,187.00,192.00,187.00,193.00,187.00,65300,12437800
2025-05-09,INTP,RG,5125.00,5000.00,5175.00,5250.00,5000.00,4296600,21783067500
2025-05-09,IOTF,RG,185.00,188.00,185.00,200.00,180.00,50828900,9454510300
2025-05-09,IPAC,RG,136.00,133.00,136.00,137.00,123.00,28800,3754500
2025-05-09,IPCC,RG,1035.00,1040.00,1035.00,1055.00,1015.00,1978700,2054500000
2025-05-09,IPCM,RG,282.00,284.00,282.00,284.00,280.00,628900,177432400
2025-05-09,IPOL,RG,118.00,116.00,119.00,119.00,115.00,14600,1684200
2025-05-09,IPPE,RG,14.00,14.00,0.00,0.00,0.00,0,0
2025-05-09,IPTV,RG,21.00,21.00,21.00,21.00,21.00,446200,9370200
2025-05-09,IRRA,RG,418.00,418.00,420.00,428.00,418.00,969500,409160800
2025-05-09,IRSX,RG,27.00,25.00,25.00,26.00,25.00,7286600,182525200
2025-05-09,ISAP,RG,12.00,12.00,12.00,12.00,11.00,5860700,67005500
2025-05-09,ISAT,RG,1865.00,1820.00,1865.00,1900.00,1790.00,26088800,47939989500
2025-05-09,ISEA,RG,76.00,74.00,77.00,83.00,69.00,21676900,1615253200
2025-05-09,ISSP,RG,286.00,290.00,286.00,292.00,280.00,2763000,790131200
2025-05-09,ITIC,RG,234.00,234.00,234.00,234.00,230.00,49900,11587800
2025-05-09,ITMA,RG,830.00,800.00,840.00,845.00,775.00,15584200,12302461000
2025-05-09,ITMG,RG,22125.00,22100.00,22125.00,22150.00,22050.00,638400,14101365000
2025-05-09,JARR,RG,376.00,370.00,376.00,382.00,362.00,3063100,1138384600
2025-05-09,JAST,RG,58.00,58.00,58.00,59.00,57.00,941200,54420200
2025-05-09,JATI,RG,150.00,180.00,162.00,185.00,162.00,269060700,47939554200
2025-05-09,JAWA,RG,102.00,103.00,103.00,107.00,101.00,501900,51911200
2025-05-09,JAYA,RG,89.00,90.00,90.00,90.00,89.00,42000,3744200
2025-05-09,JECC,RG,880.00,895.00,945.00,945.00,855.00,53000,47222000
2025-05-09,JGLE,RG,8.00,9.00,9.00,9.00,8.00,17725100,153746600
2025-05-09,JIHD,RG,750.00,735.00,760.00,770.00,730.00,1632500,1211599000
2025-05-09,JKON,RG,73.00,73.00,73.00,75.00,73.00,1424200,105098800
2025-05-09,JKSW,RG,60.00,60.00,0.00,0.00,0.00,0,0
2025-05-09,JMAS,RG,134.00,136.00,133.00,136.00,131.00,830700,111613900
2025-05-09,JPFA,RG,1755.00,1780.00,1760.00,1780.00,1745.00,21645900,38194492500
2025-05-09,JRPT,RG,705.00,705.00,705.00,710.00,700.00,598400,421255500
2025-05-09,JSKY,RG,52.00,52.00,0.00,0.00,0.00,0,0
2025-05-09,JSMR,RG,4040.00,4050.00,4050.00,4090.00,3990.00,5877000,23679701000
2025-05-09,JSPT,RG,6050.00,5800.00,6050.00,6050.00,5750.00,34300,198882500
2025-05-09,JTPE,RG,228.00,228.00,228.00,230.00,226.00,2567000,587253600
2025-05-09,KAEF,RG,454.00,452.00,452.00,468.00,450.00,321300,147226400
2025-05-09,KAQI,RG,50.00,50.00,50.00,50.00,50.00,1304500,65225000
2025-05-09,KARW,RG,1350.00,1310.00,1320.00,1320.00,1310.00,75500,99053000
2025-05-09,KAYU,RG,18.00,18.00,0.00,0.00,0.00,0,0
2025-05-09,KBAG,RG,33.00,33.00,33.00,33.00,33.00,1481500,48889500
2025-05-09,KBLI,RG,392.00,392.00,394.00,394.00,390.00,231700,90683400
2025-05-09,KBLM,RG,304.00,298.00,304.00,304.00,294.00,140700,41895400
2025-05-09,KBLV,RG,111.00,102.00,110.00,111.00,101.00,4007600,416992600
2025-05-09,KBRI,RG,50.00,50.00,0.00,0.00,0.00,0,0
2025-05-09,KDSI,RG,440.00,440.00,442.00,446.00,440.00,13200,5812800
2025-05-09,KDTN,RG,120.00,120.00,120.00,120.00,117.00,189400,22404800
2025-05-09,KEEN,RG,870.00,840.00,870.00,885.00,830.00,8973600,7600266000
2025-05-09,KEJU,RG,610.00,610.00,610.00,620.00,605.00,163500,99828000
2025-05-09,KETR,RG,202.00,200.00,200.00,204.00,195.00,1111500,220077400
2025-05-09,KIAS,RG,18.00,18.00,18.00,18.00,18.00,20300,365400
2025-05-09,KICI,RG,111.00,111.00,111.00,112.00,110.00,387400,42985500
2025-05-09,KIJA,RG,177.00,178.00,178.00,179.00,177.00,75460500,13430595500
2025-05-09,KINO,RG,1100.00,1100.00,1100.00,1110.00,1100.00,1100,1213500
2025-05-09,KIOS,RG,53.00,50.00,53.00,53.00,50.00,15269900,772585700
2025-05-09,KJEN,RG,115.00,115.00,114.00,116.00,113.00,812100,92679200
2025-05-09,KKES,RG,23.00,23.00,23.00,23.00,23.00,16600,381800
2025-05-09,KKGI,RG,386.00,382.00,384.00,386.00,382.00,2086800,801308000
2025-05-09,KLAS,RG,132.00,129.00,132.00,134.00,122.00,16728800,2130343600
2025-05-09,KLBF,RG,1440.00,1450.00,1450.00,1455.00,1420.00,32101300,46187287500
2025-05-09,KLIN,RG,170.00,170.00,170.00,170.00,167.00,850300,143318400
2025-05-09,KMDS,RG,600.00,605.00,605.00,605.00,600.00,29800,17940500
2025-05-09,KMTR,RG,278.00,280.00,280.00,280.00,268.00,77300,20965800
2025-05-09,KOBX,RG,155.00,155.00,156.00,159.00,154.00,3174100,495921900
2025-05-09,KOCI,RG,53.00,50.00,53.00,57.00,50.00,38917500,1975509200
2025-05-09,KOIN,RG,65.00,65.00,0.00,0.00,0.00,0,0
2025-05-09,KOKA,RG,81.00,78.00,81.00,81.00,78.00,16821000,1332545600
2025-05-09,KONI,RG,1390.00,1380.00,1350.00,1410.00,1230.00,10700,14120000
2025-05-09,KOPI,RG,965.00,965.00,965.00,970.00,965.00,23100,22319000
2025-05-09,KOTA,RG,11.00,10.00,11.00,11.00,10.00,24495900,246947500
2025-05-09,KPAL,RG,50.00,50.00,0.00,0.00,0.00,0,0
2025-05-09,KPAS,RG,62.00,62.00,0.00,0.00,0.00,0,0
2025-05-09,KPIG,RG,128.00,125.00,127.00,129.00,124.00,58165600,7417610600
2025-05-09,KRAH,RG,436.00,436.00,0.00,0.00,0.00,0,0
2025-05-09,KRAS,RG,129.00,126.00,133.00,134.00,125.00,10802400,1386909100
2025-05-09,KREN,RG,9.00,10.00,10.00,10.00,10.00,30809700,308097000
2025-05-09,KRYA,RG,169.00,169.00,0.00,0.00,0.00,0,0
2025-05-09,KSIX,RG,202.00,195.00,202.00,202.00,192.00,355000,69749800
2025-05-09,KUAS,RG,52.00,51.00,52.00,54.00,51.00,1867200,96719900
2025-05-09,LABA,RG,151.00,152.00,151.00,164.00,151.00,43560200,6825774400
2025-05-09,LABS,RG,123.00,123.00,124.00,124.00,121.00,800000,98200000
2025-05-09,LAJU,RG,50.00,50.00,50.00,52.00,50.00,10312200,516764000
2025-05-09,LAND,RG,21.00,23.00,23.00,23.00,23.00,6825000,156975000
2025-05-09,LAPD,RG,26.00,28.00,26.00,28.00,26.00,5345500,147523000
2025-05-09,LCGP,RG,114.00,114.00,0.00,0.00,0.00,0,0
2025-05-09,LCKM,RG,222.00,222.00,0.00,0.00,0.00,0,0
2025-05-09,LEAD,RG,85.00,84.00,85.00,88.00,82.00,5481700,467155000
2025-05-09,LFLO,RG,199.00,197.00,198.00,199.00,196.00,10300,2047000
2025-05-09,LIFE,RG,6300.00,6300.00,0.00,0.00,0.00,0,0
2025-05-09,LINK,RG,1695.00,1690.00,1690.00,1690.00,1690.00,300,507000
2025-05-09,LION,RG,414.00,418.00,416.00,420.00,416.00,18100,7541200
2025-05-09,LIVE,RG,148.00,149.00,149.00,150.00,145.00,32826700,4852368300
2025-05-09,LMAS,RG,50.00,50.00,0.00,0.00,0.00,0,0
2025-05-09,LMAX,RG,39.00,42.00,41.00,42.00,36.00,11289500,438642400
2025-05-09,LMPI,RG,132.00,130.00,135.00,137.00,130.00,618800,82184400
2025-05-09,LMSH,RG,256.00,256.00,0.00,0.00,0.00,0,0
2025-05-09,LOPI,RG,38.00,38.00,38.00,39.00,36.00,1610200,60350900
2025-05-09,LPCK,RG,496.00,505.00,496.00,510.00,494.00,1185900,593884800
2025-05-09,LPGI,RG,436.00,422.00,424.00,458.00,418.00,125500,53517800
2025-05-09,LPIN,RG,388.00,372.00,382.00,392.00,372.00,223600,84445000
2025-05-09,LPKR,RG,86.00,87.00,87.00,89.00,85.00,26517600,2302772000
2025-05-09,LPLI,RG,304.00,296.00,306.00,310.00,296.00,26200,7814800
2025-05-09,LPPF,RG,1930.00,1930.00,1940.00,1970.00,1920.00,7132700,13872313500
2025-05-09,LPPS,RG,57.00,57.00,57.00,58.00,56.00,81000,4604800
2025-05-09,LRNA,RG,140.00,140.00,140.00,148.00,137.00,60500,8541800
2025-05-09,LSIP,RG,1180.00,1200.00,1185.00,1200.00,1170.00,10388800,12330848000
2025-05-09,LTLS,RG,935.00,930.00,935.00,935.00,925.00,18300,17024000
2025-05-09,LUCK,RG,73.00,70.00,71.00,75.00,70.00,7575800,541761600
2025-05-09,LUCY,RG,144.00,138.00,143.00,143.00,133.00,409100,56267200
2025-05-09,MABA,RG,50.00,50.00,0.00,0.00,0.00,0,0
2025-05-09,MAGP,RG,50.00,50.00,0.00,0.00,0.00,0,0
2025-05-09,MAHA,RG,166.00,163.00,167.00,167.00,163.00,821800,135134200
2025-05-09,MAIN,RG,725.00,720.00,720.00,735.00,720.00,964200,698987000
2025-05-09,MAMI,RG,50.00,50.00,0.00,0.00,0.00,0,0
2025-05-09,MANG,RG,34.00,33.00,34.00,34.00,32.00,1597600,52601400
2025-05-09,MAPA,RG,730.00,725.00,730.00,745.00,715.00,17074900,12490215000
2025-05-09,MAPB,RG,1100.00,1150.00,1100.00,1150.00,1100.00,103900,118925000
2025-05-09,MAPI,RG,1340.00,1310.00,1340.00,1355.00,1305.00,11374000,15062059500
2025-05-09,MARI,RG,50.00,50.00,50.00,50.00,50.00,11100,555000
2025-05-09,MARK,RG,800.00,795.00,800.00,805.00,785.00,15029400,11918224000
2025-05-09,MASA,RG,6200.00,6200.00,0.00,0.00,0.00,0,0
2025-05-09,MASB,RG,3270.00,3280.00,3280.00,3280.00,3280.00,200,656000
2025-05-09,MAXI,RG,51.00,51.00,51.00,51.00,50.00,2126300,106339100
2025-05-09,MAYA,RG,192.00,193.00,194.00,194.00,191.00,736900,141815900
2025-05-09,MBAP,RG,1890.00,1850.00,1890.00,1890.00,1850.00,126000,234895500
2025-05-09,MBMA,RG,346.00,340.00,348.00,362.00,338.00,201715500,70481912200
2025-05-09,MBSS,RG,1220.00,1220.00,1210.00,1250.00,1160.00,191500,228628000
2025-05-09,MBTO,RG,77.00,75.00,77.00,78.00,75.00,366400,27572200
2025-05-09,MCAS,RG,1440.00,1440.00,1440.00,1450.00,1395.00,467800,662647000
2025-05-09,MCOL,RG,5025.00,5075.00,5050.00,5125.00,4990.00,300100,1518399500
2025-05-09,MCOR,RG,69.00,69.00,69.00,69.00,67.00,4882500,332231500
2025-05-09,MDIA,RG,27.00,26.00,27.00,27.00,26.00,689400,18005900
2025-05-09,MDIY,RG,1655.00,1640.00,1655.00,1655.00,1635.00,416700,683671500
2025-05-09,MDKA,RG,1800.00,1805.00,1800.00,1850.00,1775.00,56077300,101478497500
2025-05-09,MDKI,RG,162.00,160.00,162.00,162.00,160.00,202800,32565600
2025-05-09,MDLA,RG,196.00,193.00,196.00,197.00,193.00,7690900,1497334400
2025-05-09,MDLN,RG,55.00,53.00,55.00,55.00,53.00,43657500,2349044400
2025-05-09,MDRN,RG,7.00,7.00,8.00,8.00,7.00,4074300,28872800
2025-05-09,MEDC,RG,1065.00,1095.00,1080.00,1130.00,1080.00,68836100,75966774000
2025-05-09,MEDS,RG,50.00,50.00,50.00,50.00,50.00,90000,4500000
2025-05-09,MEGA,RG,3520.00,3510.00,3520.00,3520.00,3480.00,2300,8065000
2025-05-09,MEJA,RG,81.00,73.00,73.00,73.00,73.00,4277500,312257500
2025-05-09,MENN,RG,43.00,44.00,43.00,44.00,42.00,15971800,680202100
2025-05-09,MERK,RG,3550.00,3560.00,3550.00,3560.00,3510.00,7700,27277000
2025-05-09,META,RG,238.00,238.00,0.00,0.00,0.00,0,0
2025-05-09,MFIN,RG,3190.00,3190.00,3190.00,3230.00,3190.00,51200,163880000
2025-05-09,MFMI,RG,1300.00,1300.00,0.00,0.00,0.00,0,0
2025-05-09,MGLV,RG,124.00,123.00,119.00,127.00,115.00,829000,101091600
2025-05-09,MGNA,RG,25.00,27.00,25.00,27.00,25.00,957400,24720400
2025-05-09,MGRO,RG,725.00,730.00,725.00,735.00,720.00,3133800,2277347000
2025-05-09,MHKI,RG,118.00,116.00,117.00,120.00,114.00,753800,88663200
2025-05-09,MICE,RG,486.00,486.00,484.00,486.00,474.00,3900,1876800
2025-05-09,MIDI,RG,422.00,422.00,424.00,426.00,418.00,1982200,832911600
2025-05-09,MIKA,RG,2550.00,2640.00,2550.00,2640.00,2530.00,11973500,30752786000
2025-05-09,MINA,RG,100.00,100.00,102.00,104.00,100.00,16243100,1651263500
2025-05-09,MINE,RG,510.00,510.00,505.00,530.00,494.00,5433900,2760087200
2025-05-09,MIRA,RG,10.00,10.00,10.00,10.00,10.00,252900,2529000
2025-05-09,MITI,RG,162.00,160.00,161.00,173.00,158.00,637200,103011900
2025-05-09,MKAP,RG,262.00,262.00,262.00,262.00,260.00,72600,18938400
2025-05-09,MKNT,RG,1.00,1.00,0.00,0.00,0.00,0,0
2025-05-09,MKPI,RG,24300.00,24300.00,24300.00,24300.00,24275.00,7700,187107500
2025-05-09,MKTR,RG,112.00,114.00,113.00,114.00,111.00,416400,46768200
2025-05-09,MLBI,RG,6125.00,6100.00,6125.00,6125.00,6050.00,50400,306995000
2025-05-09,MLIA,RG,280.00,280.00,280.00,282.00,278.00,1964000,551819400
2025-05-09,MLPL,RG,107.00,106.00,108.00,110.00,106.00,32868900,3538248700
2025-05-09,MLPT,RG,32550.00,32500.00,32550.00,32600.00,32500.00,3000,97742500
2025-05-09,MMIX,RG,139.00,141.00,139.00,144.00,135.00,1859300,260741800
2025-05-09,MMLP,RG,520.00,515.00,520.00,525.00,510.00,422700,218604500
2025-05-09,MNCN,RG,266.00,266.00,268.00,270.00,264.00,6928900,1847695400
2025-05-09,MOLI,RG,226.00,216.00,226.00,228.00,210.00,763200,167497400
2025-05-09,MORA,RG,424.00,420.00,424.00,424.00,402.00,28100,11607800
2025-05-09,MPMX,RG,1035.00,1040.00,1035.00,1045.00,1035.00,3372800,3498365500
2025-05-09,MPOW,RG,111.00,149.00,132.00,149.00,113.00,62268200,8076491100
2025-05-09,MPPA,RG,51.00,51.00,51.00,52.00,51.00,24729100,1264420100
2025-05-09,MPRO,RG,2020.00,2020.00,2020.00,2020.00,2020.00,200,404000
2025-05-09,MPXL,RG,116.00,125.00,116.00,130.00,109.00,31725100,3892994000
2025-05-09,MRAT,RG,248.00,244.00,248.00,248.00,240.00,11300,2747600
2025-05-09,MREI,RG,710.00,710.00,710.00,715.00,705.00,332400,236009000
2025-05-09,MSIE,RG,17.00,18.00,17.00,18.00,17.00,332000,5743900
2025-05-09,MSIN,RG,468.00,470.00,470.00,478.00,458.00,140319600,65541937400
2025-05-09,MSJA,RG,296.00,294.00,294.00,294.00,292.00,4100,1199400
2025-05-09,MSKY,RG,57.00,56.00,57.00,57.00,55.00,6673600,372953800
2025-05-09,MSTI,RG,1460.00,1425.00,1460.00,1475.00,1410.00,997800,1428552000
2025-05-09,MTDL,RG,560.00,570.00,565.00,570.00,560.00,9150400,5178995000
2025-05-09,MTEL,RG,600.00,605.00,600.00,610.00,600.00,1097700,665917000
2025-05-09,MTFN,RG,4.00,4.00,4.00,4.00,4.00,50033700,200134800
2025-05-09,MTLA,RG,436.00,436.00,430.00,438.00,430.00,3700,1610400
2025-05-09,MTMH,RG,900.00,900.00,910.00,910.00,885.00,5352000,4790372500
2025-05-09,MTPS,RG,13.00,14.00,14.00,14.00,14.00,646600,9052400
2025-05-09,MTRA,RG,244.00,244.00,0.00,0.00,0.00,0,0
2025-05-09,MTSM,RG,500.00,500.00,0.00,0.00,0.00,0,0
2025-05-09,MTWI,RG,157.00,155.00,157.00,157.00,153.00,3200,497200
2025-05-09,MUTU,RG,102.00,100.00,98.00,103.00,98.00,3038800,300371300
2025-05-09,MYOH,RG,1785.00,1785.00,1785.00,1785.00,1770.00,17900,31931000
2025-05-09,MYOR,RG,2240.00,2220.00,2220.00,2260.00,2200.00,9539200,21307430000
2025-05-09,MYRX,RG,50.00,50.00,0.00,0.00,0.00,0,0
2025-05-09,MYTX,RG,36.00,36.00,0.00,0.00,0.00,0,0
2025-05-09,NAIK,RG,350.00,348.00,352.00,360.00,342.00,13461500,4723211000
2025-05-09,NANO,RG,27.00,26.00,27.00,27.00,26.00,3363100,87700700
2025-05-09,NASA,RG,17.00,16.00,17.00,17.00,16.00,1130400,18831000
2025-05-09,NASI,RG,78.00,79.00,78.00,81.00,78.00,6008400,475744100
2025-05-09,NATO,RG,150.00,151.00,151.00,151.00,151.00,500,75500
2025-05-09,NAYZ,RG,48.00,48.00,48.00,49.00,47.00,976200,46259800
2025-05-09,NCKL,RG,675.00,670.00,675.00,690.00,670.00,10180600,6909861000
2025-05-09,NELY,RG,386.00,386.00,388.00,388.00,384.00,636600,245874600
2025-05-09,NEST,RG,328.00,322.00,328.00,330.00,320.00,1457100,472188200
2025-05-09,NETV,RG,159.00,164.00,159.00,164.00,157.00,2171500,347380000
2025-05-09,NFCX,RG,1760.00,1840.00,1760.00,1850.00,1750.00,249100,452754500
2025-05-09,NICE,RG,306.00,300.00,306.00,308.00,300.00,1404500,423750000
2025-05-09,NICK,RG,705.00,710.00,710.00,710.00,710.00,1600,1136000
2025-05-09,NICL,RG,880.00,955.00,885.00,1090.00,870.00,53067000,53494198000
2025-05-09,NIKL,RG,246.00,242.00,244.00,248.00,238.00,1359100,329412200
2025-05-09,NINE,RG,112.00,114.00,113.00,119.00,112.00,22985600,2643019800
2025-05-09,NIPS,RG,282.00,282.00,0.00,0.00,0.00,0,0
2025-05-09,NIRO,RG,124.00,124.00,124.00,124.00,121.00,4500,557100
2025-05-09,NISP,RG,1310.00,1310.00,1315.00,1320.00,1305.00,2587400,3387758000
2025-05-09,NOBU,RG,670.00,675.00,670.00,685.00,665.00,1593400,1081296500
2025-05-09,NPGF,RG,28.00,28.00,27.00,28.00,27.00,85000,2296100
2025-05-09,NRCA,RG,340.00,340.00,340.00,340.00,338.00,180600,61065200
2025-05-09,NSSS,RG,274.00,270.00,274.00,276.00,266.00,1826100,495345800
2025-05-09,NTBK,RG,50.00,50.00,50.00,50.00,50.00,344800,17240000
2025-05-09,NUSA,RG,50.00,50.00,0.00,0.00,0.00,0,0
2025-05-09,NZIA,RG,65.00,65.00,65.00,66.00,64.00,217700,14087900
2025-05-09,OASA,RG,138.00,143.00,139.00,144.00,130.00,255072100,35663265000
2025-05-09,OBAT,RG,500.00,505.00,500.00,510.00,500.00,8438600,4267949000
2025-05-09,OBMD,RG,191.00,191.00,195.00,195.00,190.00,58300,11210000
2025-05-09,OCAP,RG,159.00,159.00,0.00,0.00,0.00,0,0
2025-05-09,OILS,RG,95.00,94.00,95.00,95.00,92.00,221200,20604100
2025-05-09,OKAS,RG,119.00,120.00,122.00,125.00,118.00,4077700,495739000
2025-05-09,OLIV,RG,23.00,21.00,23.00,23.00,21.00,4891800,103469500
2025-05-09,OMED,RG,160.00,163.00,161.00,168.00,161.00,2323800,380040200
2025-05-09,OMRE,RG,454.00,466.00,418.00,466.00,418.00,4000,1678400
2025-05-09,OPMS,RG,76.00,72.00,82.00,85.00,68.00,22676500,1688257200
2025-05-09,PACK,RG,2160.00,2150.00,2170.00,2220.00,2110.00,1745700,3766860000
2025-05-09,PADA,RG,14.00,15.00,15.00,15.00,15.00,6475900,97138500
2025-05-09,PADI,RG,44.00,40.00,44.00,44.00,40.00,4179000,170346700
2025-05-09,PALM,RG,386.00,386.00,392.00,392.00,378.00,244100,93054600
2025-05-09,PAMG,RG,69.00,71.00,70.00,71.00,66.00,4361600,301884400
2025-05-09,PANI,RG,11000.00,11000.00,11000.00,11275.00,10975.00,3532300,39090415000
2025-05-09,PANR,RG,870.00,850.00,875.00,880.00,850.00,3576700,3095602000
2025-05-09,PANS,RG,1510.00,1525.00,1495.00,1525.00,1485.00,121500,182748500
2025-05-09,PART,RG,96.00,95.00,96.00,96.00,94.00,7537900,715112600
2025-05-09,PBID,RG,530.00,525.00,525.00,535.00,520.00,505600,266643000
2025-05-09,PBRX,RG,23.00,23.00,0.00,0.00,0.00,0,0
2025-05-09,PBSA,RG,364.00,368.00,364.00,372.00,360.00,1324900,486169200
2025-05-09,PCAR,RG,50.00,50.00,50.00,50.00,50.00,153800,7690000
2025-05-09,PDES,RG,418.00,396.00,420.00,420.00,382.00,728300,290128000
2025-05-09,PDPP,RG,494.00,496.00,494.00,500.00,488.00,124500,61411200
2025-05-09,PEGE,RG,116.00,115.00,116.00,119.00,113.00,979000,113064500
2025-05-09,PEHA,RG,268.00,264.00,268.00,268.00,264.00,11900,3186600
2025-05-09,PEVE,RG,340.00,340.00,350.00,358.00,338.00,1641100,578045400
2025-05-09,PGAS,RG,1600.00,1605.00,1610.00,1620.00,1595.00,29456400,47275413500
2025-05-09,PGEO,RG,955.00,945.00,960.00,970.00,940.00,6222000,5910177500
2025-05-09,PGJO,RG,304.00,334.00,334.00,334.00,334.00,34500,11523000
2025-05-09,PGLI,RG,127.00,128.00,126.00,128.00,126.00,71500,9013200
2025-05-09,PGUN,RG,630.00,600.00,630.00,630.00,570.00,357500,218587000
2025-05-09,PICO,RG,106.00,104.00,105.00,106.00,103.00,246700,25699700
2025-05-09,PIPA,RG,63.00,69.00,69.00,69.00,69.00,11579600,798992400
2025-05-09,PJAA,RG,488.00,486.00,488.00,492.00,486.00,42800,20909400
2025-05-09,PKPK,RG,755.00,750.00,755.00,770.00,745.00,122200,91581500
2025-05-09,PLAN,RG,40.00,39.00,40.00,42.00,36.00,1628300,65451200
2025-05-09,PLAS,RG,50.00,50.00,0.00,0.00,0.00,0,0
2025-05-09,PLIN,RG,2510.00,2510.00,0.00,0.00,0.00,0,0
2025-05-09,PMJS,RG,122.00,121.00,118.00,123.00,116.00,7300,870700
2025-05-09,PMMP,RG,61.00,62.00,62.00,66.00,59.00,29360100,1854185100
2025-05-09,PNBN,RG,1490.00,1310.00,1500.00,1500.00,1270.00,54862800,73811999500
2025-05-09,PNBS,RG,51.00,50.00,50.00,51.00,50.00,6738100,337041800
2025-05-09,PNGO,RG,1755.00,1755.00,1755.00,1780.00,1755.00,3600,6385500
2025-05-09,PNIN,RG,1055.00,965.00,1055.00,1055.00,940.00,2674300,2626097000
2025-05-09,PNLF,RG,360.00,308.00,360.00,360.00,308.00,833293300,271001919400
2025-05-09,PNSE,RG,388.00,386.00,388.00,398.00,380.00,45800,17540800
2025-05-09,POLA,RG,14.00,14.00,14.00,14.00,13.00,595500,8152500
2025-05-09,POLI,RG,750.00,750.00,0.00,0.00,0.00,0,0
2025-05-09,POLL,RG,112.00,112.00,0.00,0.00,0.00,0,0
2025-05-09,POLU,RG,8825.00,8825.00,0.00,0.00,0.00,0,0
2025-05-09,POLY,RG,19.00,20.00,20.00,20.00,20.00,172600,3452000
2025-05-09,POOL,RG,50.00,50.00,0.00,0.00,0.00,0,0
2025-05-09,PORT,RG,850.00,845.00,830.00,870.00,830.00,700,591500
2025-05-09,POSA,RG,50.00,50.00,0.00,0.00,0.00,0,0
2025-05-09,POWR,RG,710.00,710.00,710.00,715.00,705.00,2513400,1783754000
2025-05-09,PPGL,RG,97.00,95.00,97.00,97.00,93.00,287600,27056800
2025-05-09,PPRE,RG,60.00,60.00,61.00,62.00,60.00,2015100,122913200
2025-05-09,PPRI,RG,230.00,196.00,196.00,202.00,196.00,34471000,6763143300
2025-05-09,PPRO,RG,21.00,21.00,0.00,0.00,0.00,0,0
2025-05-09,PRAS,RG,97.00,97.00,0.00,0.00,0.00,0,0
2025-05-09,PRAY,RG,605.00,605.00,605.00,605.00,600.00,27000,16325000
2025-05-09,PRDA,RG,2550.00,2510.00,2550.00,2550.00,2490.00,4635400,11598476000
2025-05-09,PRIM,RG,61.00,59.00,61.00,61.00,59.00,1777400,105160000
2025-05-09,PSAB,RG,294.00,292.00,294.00,296.00,284.00,140114900,40665332800
2025-05-09,PSDN,RG,72.00,72.00,72.00,75.00,72.00,58300,4210900
2025-05-09,PSGO,RG,177.00,183.00,178.00,183.00,174.00,412700,74118100
2025-05-09,PSKT,RG,29.00,30.00,29.00,30.00,29.00,321700,9644700
2025-05-09,PSSI,RG,360.00,364.00,360.00,364.00,356.00,251200,90725400
2025-05-09,PTBA,RG,2720.00,2710.00,2740.00,2740.00,2710.00,10006700,27188092000
2025-05-09,PTDU,RG,17.00,18.00,18.00,18.00,18.00,702100,12637800
2025-05-09,PTIS,RG,308.00,312.00,306.00,316.00,300.00,74000,22414600
2025-05-09,PTMP,RG,59.00,60.00,59.00,62.00,58.00,20652200,1239902500
2025-05-09,PTMR,RG,147.00,147.00,146.00,147.00,142.00,999100,145652700
2025-05-09,PTPP,RG,410.00,428.00,414.00,428.00,412.00,89182000,37590788800
2025-05-09,PTPS,RG,79.00,79.00,81.00,81.00,79.00,4856600,388374000
2025-05-09,PTPW,RG,900.00,905.00,905.00,905.00,905.00,14100,12760500
2025-05-09,PTRO,RG,2910.00,2900.00,2930.00,2970.00,2860.00,38081800,110533520000
2025-05-09,PTSN,RG,218.00,212.00,218.00,218.00,212.00,56200,12065000
2025-05-09,PTSP,RG,815.00,825.00,800.00,825.00,765.00,33800,27266000
2025-05-09,PUDP,RG,216.00,216.00,216.00,234.00,216.00,119000,26332800
2025-05-09,PURA,RG,15.00,16.00,16.00,16.00,16.00,7554200,120867200
2025-05-09,PURE,RG,51.00,51.00,0.00,0.00,0.00,0,0
2025-05-09,PURI,RG,204.00,197.00,202.00,202.00,197.00,280500,55651000
2025-05-09,PWON,RG,392.00,390.00,392.00,396.00,386.00,34717800,13542850200
2025-05-09,PYFA,RG,200.00,200.00,200.00,206.00,200.00,8393600,1695991600
2025-05-09,PZZA,RG,157.00,156.00,159.00,159.00,153.00,213400,32923400
2025-05-09,RAAM,RG,298.00,290.00,298.00,298.00,290.00,118800,34787800
2025-05-09,RAFI,RG,27.00,27.00,27.00,27.00,27.00,2281700,61605900
2025-05-09,RAJA,RG,2150.00,2110.00,2150.00,2190.00,2110.00,19202100,41074509000
2025-05-09,RALS,RG,436.00,456.00,438.00,478.00,430.00,128706200,58870498200
2025-05-09,RANC,RG,428.00,414.00,410.00,428.00,410.00,28600,11933000
2025-05-09,RANC,RG,428.00,414.00,410.00,428.00,410.00,28600,11933000
2025-05-09,RATU,RG,5575.00,5500.00,5575.00,5800.00,5450.00,8979000,50329017500
2025-05-09,RBMS,RG,24.00,25.00,24.00,25.00,24.00,95500,2296500
2025-05-09,RCCC,RG,125.00,125.00,126.00,128.00,124.00,1316700,166508000
2025-05-09,RDTX,RG,11850.00,11775.00,11600.00,11800.00,11600.00,300,3517500
2025-05-09,REAL,RG,38.00,41.00,41.00,41.00,41.00,21425200,878433200
2025-05-09,RELF,RG,20.00,20.00,19.00,20.00,19.00,1900400,36317700
2025-05-09,RELI,RG,452.00,444.00,450.00,474.00,444.00,9000,4099000
2025-05-09,RGAS,RG,112.00,113.00,113.00,113.00,110.00,7192100,806987500
2025-05-09,RICY,RG,39.00,40.00,39.00,40.00,39.00,272400,10873100
2025-05-09,RIGS,RG,710.00,710.00,705.00,710.00,690.00,42600,29518500
2025-05-09,RIMO,RG,50.00,50.00,0.00,0.00,0.00,0,0
2025-05-09,RISE,RG,1030.00,1040.00,1030.00,1040.00,1030.00,337300,349591500
2025-05-09,RMKE,RG,515.00,515.00,515.00,530.00,505.00,1613000,837532500
2025-05-09,RMKO,RG,91.00,92.00,92.00,94.00,90.00,280500,25605400
2025-05-09,ROCK,RG,308.00,308.00,0.00,0.00,0.00,0,0
2025-05-09,RODA,RG,39.00,41.00,39.00,41.00,39.00,28000,1094000
2025-05-09,RONY,RG,2990.00,2990.00,0.00,0.00,0.00,0,0
2025-05-09,ROTI,RG,855.00,870.00,855.00,870.00,855.00,2089900,1812886500
2025-05-09,RSCH,RG,470.00,474.00,470.00,474.00,466.00,2276800,1073246200
2025-05-09,RSGK,RG,980.00,980.00,0.00,0.00,0.00,0,0
2025-05-09,RUIS,RG,166.00,163.00,165.00,166.00,163.00,284000,46516600
2025-05-09,RUNS,RG,48.00,49.00,48.00,50.00,48.00,75800,3678700
2025-05-09,SAFE,RG,169.00,168.00,171.00,171.00,168.00,167700,28314100
2025-05-09,SAGE,RG,14.00,14.00,14.00,14.00,13.00,870200,11719600
2025-05-09,SAME,RG,294.00,288.00,294.00,298.00,282.00,1394900,404107400
2025-05-09,SAMF,RG,330.00,330.00,330.00,330.00,324.00,85800,27857200
2025-05-09,SAPX,RG,372.00,364.00,372.00,372.00,356.00,228100,82621200
2025-05-09,SATU,RG,200.00,204.00,200.00,210.00,200.00,12724000,2631394200
2025-05-09,SBAT,RG,1.00,1.00,0.00,0.00,0.00,0,0
2025-05-09,SBMA,RG,118.00,118.00,118.00,119.00,117.00,243600,28774000
2025-05-09,SCCO,RG,2140.00,2150.00,2160.00,2170.00,2130.00,6700,14398000
2025-05-09,SCMA,RG,192.00,182.00,192.00,194.00,182.00,158919200,29576278400
2025-05-09,SCNP,RG,160.00,157.00,160.00,167.00,157.00,200200,32448500
2025-05-09,SCPI,RG,29000.00,29000.00,0.00,0.00,0.00,0,0
2025-05-09,SDMU,RG,25.00,26.00,25.00,26.00,25.00,22300,557900
2025-05-09,SDPC,RG,130.00,128.00,130.00,131.00,128.00,50800,6514500
2025-05-09,SDRA,RG,360.00,358.00,360.00,362.00,358.00,139300,50140000
2025-05-09,SEMA,RG,84.00,83.00,84.00,84.00,81.00,2480800,204418800
2025-05-09,SFAN,RG,1915.00,1910.00,1910.00,1915.00,1910.00,273500,523235500
2025-05-09,SGER,RG,358.00,352.00,362.00,368.00,350.00,2828900,1010746800
2025-05-09,SGRO,RG,2400.00,2560.00,2400.00,2750.00,2400.00,878000,2227133000
2025-05-09,SHID,RG,755.00,745.00,775.00,780.00,730.00,28500,21654000
2025-05-09,SHIP,RG,1690.00,1755.00,1690.00,1755.00,1650.00,204100,339735000
2025-05-09,SICO,RG,98.00,102.00,98.00,105.00,96.00,3398100,342764400
2025-05-09,SIDO,RG,535.00,530.00,535.00,540.00,530.00,68541100,36649945000
2025-05-09,SILO,RG,2420.00,2400.00,2420.00,2420.00,2380.00,760500,1820903000
2025-05-09,SIMA,RG,50.00,50.00,0.00,0.00,0.00,0,0
2025-05-09,SIMP,RG,408.00,410.00,408.00,414.00,406.00,1828100,751259800
2025-05-09,SINI,RG,3190.00,3500.00,3400.00,3500.00,3400.00,169700,586890000
2025-05-09,SIPD,RG,770.00,775.00,755.00,775.00,755.00,600,463000
2025-05-09,SKBM,RG,322.00,402.00,332.00,402.00,322.00,1380900,544826600
2025-05-09,SKLT,RG,185.00,188.00,185.00,204.00,183.00,2295300,438638100
2025-05-09,SKRN,RG,472.00,470.00,472.00,480.00,468.00,764200,361562200
2025-05-09,SKYB,RG,51.00,51.00,0.00,0.00,0.00,0,0
2025-05-09,SLIS,RG,52.00,51.00,52.00,55.00,50.00,28398400,1477387200
2025-05-09,SMAR,RG,3620.00,3640.00,3620.00,3670.00,3620.00,24800,90361000
2025-05-09,SMBR,RG,250.00,242.00,252.00,256.00,240.00,9771800,2409550000
2025-05-09,SMCB,RG,775.00,775.00,0.00,0.00,0.00,0,0
2025-05-09,SMDM,RG,1435.00,1405.00,1435.00,1445.00,1385.00,105800,148047500
2025-05-09,SMDR,RG,260.00,258.00,260.00,264.00,258.00,6920300,1801801800
2025-05-09,SMGA,RG,66.00,66.00,66.00,67.00,64.00,12431200,816527500
2025-05-09,SMGR,RG,2490.00,2410.00,2500.00,2510.00,2400.00,13861500,33982842000
2025-05-09,SMIL,RG,258.00,252.00,258.00,260.00,248.00,67202300,17064869400
2025-05-09,SMKL,RG,149.00,149.00,149.00,153.00,143.00,216700,31508700
2025-05-09,SMKM,RG,46.00,45.00,46.00,48.00,45.00,11522800,534257000
2025-05-09,SMLE,RG,117.00,116.00,117.00,120.00,116.00,618800,72404200
2025-05-09,SMMA,RG,15400.00,15800.00,15425.00,15900.00,15400.00,5300,83432500
2025-05-09,SMMT,RG,860.00,930.00,860.00,930.00,860.00,28800,25153000
2025-05-09,SMRA,RG,430.00,450.00,430.00,450.00,422.00,51110900,22185450200
2025-05-09,SMRU,RG,50.00,50.00,0.00,0.00,0.00,0,0
2025-05-09,SMSM,RG,1935.00,1950.00,1930.00,1955.00,1895.00,3234000,6235161500
2025-05-09,SNLK,RG,615.00,595.00,615.00,625.00,595.00,3634700,2198385000
2025-05-09,SOCI,RG,160.00,161.00,160.00,162.00,159.00,688900,110699300
2025-05-09,SOFA,RG,56.00,55.00,56.00,57.00,55.00,2734600,151356900
2025-05-09,SOHO,RG,650.00,650.00,615.00,670.00,615.00,46700,30554000
2025-05-09,SOLA,RG,107.00,101.00,108.00,109.00,98.00,49966000,5076303200
2025-05-09,SONA,RG,3890.00,3830.00,3930.00,3930.00,3810.00,13900,53354000
2025-05-09,SOSS,RG,424.00,426.00,424.00,440.00,422.00,8400,3592600
2025-05-09,SOTS,RG,290.00,288.00,280.00,300.00,280.00,152200,44510800
2025-05-09,SOUL,RG,39.00,40.00,40.00,40.00,38.00,1112200,43151100
2025-05-09,SPMA,RG,258.00,256.00,254.00,260.00,254.00,81000,20776200
2025-05-09,SPRE,RG,220.00,216.00,220.00,230.00,216.00,54784100,12241036000
2025-05-09,SPTO,RG,670.00,690.00,680.00,690.00,670.00,240600,162843000
2025-05-09,SQMI,RG,50.00,51.00,50.00,51.00,50.00,16263300,813454800
2025-05-09,SRAJ,RG,3000.00,3000.00,3000.00,3000.00,2960.00,94700,281505000
2025-05-09,SRIL,RG,146.00,146.00,0.00,0.00,0.00,0,0
2025-05-09,SRSN,RG,52.00,53.00,52.00,55.00,52.00,9902700,527208700
2025-05-09,SRTG,RG,1625.00,1575.00,1640.00,1665.00,1575.00,8408300,13595804000
2025-05-09,SSIA,RG,820.00,820.00,830.00,840.00,805.00,80636800,66553179500
2025-05-09,SSMS,RG,1525.00,1480.00,1530.00,1545.00,1475.00,7673600,11725644500
2025-05-09,SSTM,RG,165.00,165.00,165.00,165.00,165.00,1600,264000
2025-05-09,STAA,RG,840.00,825.00,840.00,840.00,815.00,20530700,16963244000
2025-05-09,STAR,RG,31.00,33.00,31.00,33.00,31.00,308100,9893100
2025-05-09,STRK,RG,50.00,50.00,50.00,50.00,50.00,14621600,731080000
2025-05-09,STTP,RG,11025.00,10850.00,11050.00,11050.00,10825.00,700,7675000
2025-05-09,SUGI,RG,50.00,50.00,0.00,0.00,0.00,0,0
2025-05-09,SULI,RG,85.00,84.00,85.00,88.00,83.00,557300,48214900
2025-05-09,SUNI,RG,770.00,760.00,770.00,770.00,745.00,502500,379297000
2025-05-09,SUPR,RG,43850.00,43850.00,0.00,0.00,0.00,0,0
2025-05-09,SURE,RG,2380.00,2280.00,2300.00,2300.00,2280.00,900,2060000
2025-05-09,SWAT,RG,25.00,25.00,25.00,25.00,25.00,659500,16487500
2025-05-09,SWID,RG,59.00,60.00,58.00,60.00,57.00,85600,5006600
2025-05-09,TALF,RG,298.00,298.00,302.00,302.00,288.00,4000,1158000
2025-05-09,TAMA,RG,30.00,29.00,29.00,29.00,29.00,16900,490100
2025-05-09,TAMU,RG,13.00,13.00,12.00,13.00,12.00,3082800,37271400
2025-05-09,TAPG,RG,890.00,880.00,890.00,900.00,865.00,20241700,17763673500
2025-05-09,TARA,RG,8.00,9.00,9.00,9.00,8.00,934600,7658300
2025-05-09,TAXI,RG,8.00,7.00,7.00,7.00,7.00,28424700,198972900
2025-05-09,TAYS,RG,52.00,70.00,53.00,70.00,52.00,121340000,7951552200
2025-05-09,TBIG,RG,2100.00,2060.00,2100.00,2160.00,2010.00,1584800,3294627000
2025-05-09,TBLA,RG,705.00,715.00,705.00,720.00,705.00,2263600,1613767000
2025-05-09,TBMS,RG,890.00,890.00,890.00,895.00,890.00,4400,3933500
2025-05-09,TCID,RG,2380.00,2540.00,2360.00,2540.00,2270.00,9400,22469000
2025-05-09,TCPI,RG,5750.00,5850.00,5750.00,5850.00,5650.00,8886500,51155107500
2025-05-09,TDPM,RG,119.00,119.00,0.00,0.00,0.00,0,0
2025-05-09,TEBE,RG,670.00,670.00,670.00,675.00,660.00,1345400,892757000
2025-05-09,TECH,RG,50.00,50.00,0.00,0.00,0.00,0,0
2025-05-09,TELE,RG,9.00,9.00,0.00,0.00,0.00,0,0
2025-05-09,TFAS,RG,117.00,120.00,119.00,122.00,114.00,1630600,192584900
2025-05-09,TFCO,RG,500.00,500.00,0.00,0.00,0.00,0,0
2025-05-09,TGKA,RG,6825.00,6700.00,6650.00,7200.00,6650.00,3400,23320000
2025-05-09,TGRA,RG,38.00,38.00,38.00,38.00,38.00,156900,5962200
2025-05-09,TGUK,RG,90.00,78.00,94.00,99.00,78.00,111693800,10012111200
2025-05-09,TIFA,RG,740.00,735.00,735.00,735.00,735.00,100,73500
2025-05-09,TINS,RG,1140.00,1120.00,1150.00,1160.00,1120.00,29311000,33297602000
2025-05-09,TIRA,RG,2380.00,2380.00,0.00,0.00,0.00,0,0
2025-05-09,TIRT,RG,44.00,44.00,0.00,0.00,0.00,0,0
2025-05-09,TKIM,RG,5575.00,5700.00,5550.00,5775.00,5550.00,2158100,12304845000
2025-05-09,TLDN,RG,555.00,560.00,555.00,570.00,545.00,378400,212916000
2025-05-09,TLKM,RG,2570.00,2600.00,2570.00,2630.00,2570.00,59433500,154819587000
2025-05-09,TMAS,RG,139.00,139.00,140.00,141.00,137.00,1588800,220887700
2025-05-09,TMPO,RG,120.00,120.00,120.00,121.00,118.00,264800,31632200
2025-05-09,TNCA,RG,162.00,159.00,163.00,166.00,158.00,596800,95822400
2025-05-09,TOBA,RG,396.00,396.00,404.00,410.00,394.00,13856300,5572528600
2025-05-09,TOOL,RG,51.00,50.00,51.00,51.00,50.00,235700,11832000
2025-05-09,TOPS,RG,1.00,1.00,0.00,0.00,0.00,0,0
2025-05-09,TOTL,RG,695.00,720.00,695.00,725.00,690.00,2174400,1536965000
2025-05-09,TOTO,RG,230.00,230.00,228.00,230.00,226.00,1018100,232629000
2025-05-09,TOWR,RG,600.00,600.00,600.00,615.00,595.00,11950900,7202945500
2025-05-09,TOYS,RG,8.00,8.00,0.00,0.00,0.00,0,0
2025-05-09,TPIA,RG,8875.00,8525.00,8875.00,9000.00,8400.00,20626700,178142540000
2025-05-09,TPMA,RG,700.00,705.00,700.00,710.00,695.00,31089900,21810922000
2025-05-09,TRAM,RG,50.00,50.00,0.00,0.00,0.00,0,0
2025-05-09,TRGU,RG,175.00,177.00,178.00,178.00,175.00,40500,7135100
2025-05-09,TRIL,RG,50.00,50.00,0.00,0.00,0.00,0,0
2025-05-09,TRIM,RG,370.00,366.00,372.00,372.00,362.00,185300,68508200
2025-05-09,TRIN,RG,98.00,97.00,97.00,100.00,96.00,409400,40288800
2025-05-09,TRIO,RG,426.00,426.00,0.00,0.00,0.00,0,0
2025-05-09,TRIS,RG,158.00,158.00,158.00,160.00,158.00,2800,445100
2025-05-09,TRJA,RG,146.00,149.00,146.00,149.00,146.00,59100,8657200
2025-05-09,TRON,RG,133.00,132.00,133.00,141.00,130.00,2898000,394014400
2025-05-09,TRST,RG,490.00,490.00,490.00,494.00,480.00,12600,6182600
2025-05-09,TRUE,RG,15.00,15.00,15.00,15.00,15.00,420200,6303000
2025-05-09,TRUK,RG,113.00,114.00,115.00,121.00,111.00,3687100,433543300
2025-05-09,TRUS,RG,500.00,490.00,505.00,520.00,490.00,176700,87857500
2025-05-09,TSPC,RG,2470.00,2480.00,2480.00,2480.00,2460.00,352500,870076000
2025-05-09,TUGU,RG,1040.00,960.00,975.00,980.00,960.00,10126500,9784123500
2025-05-09,TYRE,RG,151.00,150.00,151.00,151.00,145.00,785100,116798300
2025-05-09,UANG,RG,288.00,282.00,292.00,292.00,282.00,34600,9943400
2025-05-09,UCID,RG,560.00,560.00,560.00,570.00,555.00,844900,475714000
2025-05-09,UDNG,RG,234.00,234.00,0.00,0.00,0.00,0,0
2025-05-09,UFOE,RG,200.00,197.00,199.00,200.00,197.00,368200,72870000
2025-05-09,ULTJ,RG,1375.00,1365.00,1375.00,1375.00,1355.00,3272700,4462696000
2025-05-09,UNIC,RG,7850.00,7875.00,7725.00,7875.00,7700.00,1000,7767500
2025-05-09,UNIQ,RG,444.00,444.00,444.00,454.00,440.00,27715700,12375722000
2025-05-09,UNIT,RG,316.00,316.00,0.00,0.00,0.00,0,0
2025-05-09,UNSP,RG,120.00,120.00,120.00,120.00,120.00,85600,10272000
2025-05-09,UNTR,RG,21475.00,21250.00,21575.00,21575.00,21150.00,4584300,97517642500
2025-05-09,UNVR,RG,1780.00,1780.00,1760.00,1815.00,1755.00,14223700,25361770000
2025-05-09,URBN,RG,116.00,117.00,116.00,118.00,111.00,280100,32820500
2025-05-09,UVCR,RG,56.00,67.00,56.00,72.00,55.00,77081700,5174015400
2025-05-09,VAST,RG,117.00,117.00,116.00,119.00,114.00,3169700,367538800
2025-05-09,VERN,RG,104.00,104.00,104.00,107.00,101.00,1970200,203967300
2025-05-09,VICI,RG,620.00,620.00,620.00,625.00,615.00,637000,392874000
2025-05-09,VICO,RG,146.00,142.00,145.00,150.00,141.00,634100,91723000
2025-05-09,VINS,RG,115.00,115.00,113.00,115.00,110.00,28600,3188200
2025-05-09,VISI,RG,141.00,139.00,141.00,142.00,139.00,365500,51274800
2025-05-09,VIVA,RG,12.00,11.00,12.00,12.00,11.00,3273500,36659300
2025-05-09,VKTR,RG,90.00,90.00,90.00,90.00,88.00,10495500,935143500
2025-05-09,VOKS,RG,199.00,200.00,199.00,200.00,195.00,86100,16996800
2025-05-09,VRNA,RG,78.00,78.00,78.00,81.00,78.00,79900,6378800
2025-05-09,VTNY,RG,135.00,136.00,136.00,138.00,133.00,5367000,727871600
2025-05-09,WAPO,RG,136.00,139.00,139.00,143.00,135.00,2221000,307583400
2025-05-09,WEGE,RG,63.00,64.00,64.00,64.00,62.00,6659000,423203600
2025-05-09,WEHA,RG,104.00,105.00,105.00,106.00,103.00,1783400,186008700
2025-05-09,WICO,RG,123.00,123.00,0.00,0.00,0.00,0,0
2025-05-09,WIFI,RG,2090.00,2020.00,2110.00,2110.00,2010.00,27200700,55765657000
2025-05-09,WIIM,RG,805.00,800.00,800.00,810.00,795.00,800300,640723000
2025-05-09,WIKA,RG,204.00,204.00,0.00,0.00,0.00,0,0
2025-05-09,WINE,RG,252.00,246.00,252.00,254.00,246.00,307600,76896000
2025-05-09,WINR,RG,24.00,25.00,25.00,26.00,25.00,4381300,111917400
2025-05-09,WINS,RG,356.00,350.00,358.00,364.00,348.00,5980500,2105073400
2025-05-09,WIRG,RG,85.00,87.00,85.00,90.00,85.00,103936800,9118022400
2025-05-09,WMPP,RG,12.00,12.00,0.00,0.00,0.00,0,0
2025-05-09,WMUU,RG,8.00,8.00,0.00,0.00,0.00,0,0
2025-05-09,WOMF,RG,338.00,342.00,338.00,342.00,332.00,92000,30906200
2025-05-09,WOOD,RG,354.00,348.00,354.00,358.00,342.00,5569100,1944982800
2025-05-09,WOWS,RG,48.00,49.00,48.00,49.00,47.00,628100,29861700
2025-05-09,WSBP,RG,15.00,15.00,15.00,15.00,14.00,7286300,107792600
2025-05-09,WSKT,RG,202.00,202.00,0.00,0.00,0.00,0,0
2025-05-09,WTON,RG,82.00,81.00,83.00,84.00,81.00,2505100,204729500
2025-05-09,YELO,RG,20.00,20.00,20.00,20.00,20.00,57400,1148000
2025-05-09,YOII,RG,97.00,97.00,98.00,99.00,95.00,2722800,261540800
2025-05-09,YPAS,RG,312.00,312.00,0.00,0.00,0.00,0,0
2025-05-09,YULE,RG,2680.00,2680.00,2670.00,2680.00,2600.00,9000,23693000
2025-05-09,YUPI,RG,1720.00,1720.00,1720.00,1730.00,1710.00,250300,431162000
2025-05-09,ZATA,RG,8.00,8.00,8.00,8.00,8.00,1922800,15382400
2025-05-09,ZBRA,RG,50.00,50.00,50.00,50.00,50.00,13900,695000
2025-05-09,ZINC,RG,13.00,13.00,12.00,13.00,12.00,2063400,25096500
2025-05-09,ZONE,RG,810.00,810.00,810.00,810.00,800.00,233400,188388000
2025-05-09,ZYRX,RG,115.00,115.00,115.00,116.00,113.00,35600,4078800
